Category,Subcategory,Note,Amount,Hour,DayOfWeek,Payment Mode
transportation,81,97,-0.22661238990961072,12,4,1
food,74,513,-0.21879400056144754,12,4,1
subscription,59,16,-0.1825687965816248,0,6,2
subscription,55,365,-0.22947913267060388,23,1,2
festivals,30,448,-0.1690169217114753,17,3,1
subscription,77,720,-0.1823081836033527,6,2,0
transportation,4,761,-0.2214001303441686,5,0,1
transportation,81,76,-0.22400626012688965,21,4,2
other,62,496,-0.2127999020611891,21,4,0
food,32,35,-0.22244258225725702,21,4,1
subscription,55,365,-0.060601922750279216,0,3,0
food,49,502,-0.06503234338090502,0,0,2
food,53,486,-0.2250487120399781,0,0,1
food,53,486,-0.2250487120399781,0,5,1
family,65,1011,-0.22400626012688965,0,4,1
food,53,486,-0.224788099061706,0,1,1
food,74,196,-0.22009706545280808,0,2,1
apparel,46,29,-0.21436357993082175,0,6,1
food,74,310,-0.22661238990961072,0,6,1
food,74,866,-0.22400626012688965,0,6,1
food,74,61,-0.22817606777924335,0,6,1
food,53,486,-0.2250487120399781,0,6,2
food,10,260,-0.229739745648876,0,6,2
family,65,1011,0.286795177286438,0,0,1
family,65,1011,0.02618219901433207,15,0,1
gift,62,418,-0.2036784478216654,15,0,1
food,18,382,-0.10129663930746856,10,0,0
food,53,486,-0.2250487120399781,9,0,1
food,76,999,-0.21410296695254963,21,4,1
household,43,910,-0.14504052771044154,21,4,1
food,32,223,-0.22739422884442703,12,6,1
food,41,313,-0.23052158458369232,12,6,1
food,53,486,-0.2250487120399781,12,6,1
food,17,360,-0.22921851969233178,21,1,1
food,10,101,-0.21879400056144754,10,1,1
food,7,541,-0.22270319523552914,10,1,1
food,53,486,-0.2250487120399781,10,1,1
apparel,46,32,-0.21071499823501225,21,2,1
food,18,502,0.05745575640698478,22,0,0
food,68,1011,-0.22921851969233178,20,0,1
food,53,486,-0.2250487120399781,20,0,1
festivals,58,450,0.02618219901433207,13,0,1
transportation,81,92,0.10577340257863325,21,4,0
transportation,81,93,0.07971210475142267,21,4,0
food,49,282,-0.21879400056144754,19,4,2
food,53,486,-0.224788099061706,22,6,1
food,79,353,-0.23130342351850863,16,5,1
food,53,486,-0.2250487120399781,16,5,1
subscription,59,16,-0.1825687965816248,0,3,2
food,17,360,-0.22921851969233178,20,0,2
food,53,486,-0.2250487120399781,19,0,1
subscription,77,720,-0.19351454166905327,19,4,0
food,76,998,-0.15885301555886316,9,6,1
food,25,579,-0.17813837595099902,9,6,1
family,65,1011,-0.22661238990961072,10,5,1
food,74,357,-0.2260911639530665,9,5,1
household,43,951,-0.19273270273423695,9,5,1
apparel,46,175,-0.21983645247453595,9,5,1
food,41,980,-0.2044602867564817,9,5,1
household,2,160,-0.2083694814305633,18,1,1
household,38,259,-0.17709592403791058,18,1,1
food,32,480,-0.22270319523552914,18,1,1
household,43,910,-0.07962667016414296,18,1,1
food,41,979,-0.23182464947505285,10,1,1
food,41,313,-0.22921851969233178,10,1,1
food,74,176,-0.20941193334365174,0,4,1
family,65,1011,-0.22530932501825018,0,1,1
beauty,33,475,-0.2083694814305633,0,0,1
family,65,1011,-0.2083694814305633,0,5,1
food,79,353,-0.23182464947505285,0,5,1
health,35,407,0.8862050273122818,0,5,0
apparel,15,435,0.6542594766501074,0,5,0
transportation,81,745,-0.22921851969233178,0,5,1
transportation,4,350,-0.23052158458369232,0,5,1
family,14,257,-0.13070681390547573,0,5,0
family,65,1011,0.286795177286438,0,4,1
household,43,910,-0.229739745648876,0,4,1
food,25,579,-0.17813837595099902,0,4,1
health,35,406,0.02618219901433207,0,4,1
family,65,1011,-0.22400626012688965,0,1,1
apparel,46,32,-0.21071499823501225,21,5,1
money transfer,37,1011,7.583958568905405,18,5,2
maid,62,530,0.286795177286438,13,5,1
food,13,28,-0.23182464947505285,13,5,1
health,52,463,-0.2083694814305633,18,1,1
health,52,1011,-0.2000298661258559,13,1,1
food,49,282,-0.17918082786408743,13,1,2
food,10,21,-0.22791545480097125,11,1,1
food,20,697,-0.16667140490702634,19,3,2
transportation,4,366,-0.2214001303441686,15,3,1
transportation,4,350,-0.23052158458369232,11,3,1
transportation,81,80,-0.22400626012688965,11,3,2
food,10,603,-0.20706641653920277,10,3,1
family,65,1011,-0.1823081836033527,23,2,1
culture,56,59,-0.10898211603671297,23,2,0
food,85,1011,-0.18361124849471325,21,2,1
household,43,910,0.7428678892626235,20,2,0
other,62,369,-0.01916445920501437,18,0,2
food,7,943,-0.22400626012688965,23,4,1
subscription,77,348,-0.19429638060386958,12,1,0
food,10,154,-0.2083694814305633,12,1,1
household,43,910,-0.1385252032536389,19,2,1
food,27,539,-0.22661238990961072,19,2,1
food,74,43,-0.21879400056144754,18,2,2
food,7,943,-0.22270319523552914,8,2,1
food,41,313,-0.22921851969233178,19,0,1
food,66,788,-0.22791545480097125,19,0,1
food,61,677,-0.22791545480097125,19,0,1
transportation,78,675,-0.1940357676255975,13,0,2
health,52,281,-0.21175745014810068,12,0,1
health,52,281,0.038691621971393156,9,0,0
food,17,361,-0.22400626012688965,20,4,1
food,25,579,-0.17813837595099902,20,6,1
apparel,46,30,-0.212539289082917,17,1,1
household,34,887,0.0756986648860322,10,1,0
food,74,172,-0.212539289082917,10,1,1
food,27,1011,-0.22661238990961072,19,3,1
food,85,1011,-0.10412429012172092,18,3,1
food,74,151,-0.2219213563007128,9,3,1
other,62,271,0.286795177286438,18,2,2
transportation,78,675,-0.18543553934261797,14,0,2
health,52,281,0.119481645235746,9,0,0
food,22,167,-0.22530932501825018,0,0,1
food,9,45,-0.21957583949626386,0,6,1
transportation,64,147,-0.14061010707981575,0,0,1
food,7,943,-0.22921851969233178,0,0,1
food,32,865,-0.21879400056144754,0,0,1
transportation,78,675,-0.1862173782774343,0,5,1
food,79,131,-0.22661238990961072,0,5,2
health,52,403,-0.19455699358214168,0,5,0
health,39,506,-0.10412429012172092,0,5,1
transportation,78,672,-0.20055109208240013,0,5,1
transportation,78,937,-0.05851701892410237,0,5,2
transportation,81,771,-0.23182464947505285,0,2,1
food,49,209,-0.2339095533012297,0,2,0
subscription,50,1011,-0.18335063551644112,0,2,2
food,18,209,-0.036364915770973366,0,4,1
transportation,78,703,-0.2083694814305633,0,4,1
transportation,4,933,-0.2127999020611891,0,1,1
food,79,353,-0.23260648840986917,0,1,1
transportation,4,350,-0.23052158458369232,0,1,1
transportation,81,748,-0.22921851969233178,0,1,1
health,39,381,-0.2083694814305633,0,2,1
beauty,33,861,-0.2214001303441686,0,2,1
family,65,1011,-0.14321623686253682,0,2,1
health,45,115,0.1408519094540587,0,2,2
maid,62,1011,-0.10412429012172092,0,6,1
food,53,486,-0.2250487120399781,0,6,2
subscription,77,348,-0.19429638060386958,0,6,0
household,43,910,0.18124692108623514,0,6,2
transportation,4,757,-0.2214001303441686,0,6,1
transportation,11,98,-0.22921851969233178,0,6,1
household,38,410,-0.07128705485943557,0,6,0
transportation,11,86,-0.22765484182269916,0,6,1
transportation,4,351,-0.22400626012688965,0,6,1
culture,56,102,-0.11428819627433305,0,3,0
transportation,82,91,0.25812774967650637,0,3,0
food,74,977,-0.23052158458369232,0,3,2
apparel,15,973,-0.12236719860076833,0,3,2
apparel,46,322,-0.20889070738710752,0,3,1
food,53,616,-0.21566664482218226,0,3,2
money transfer,37,1011,2.371699003463286,0,3,2
household,2,207,0.07830479466875326,18,2,2
household,34,961,-0.21618787077872648,16,0,1
household,44,594,-0.2214001303441686,16,0,1
household,2,128,-0.1640652751243053,15,0,1
food,18,502,-0.11585187414396568,20,4,0
food,74,238,-0.21618787077872648,18,4,1
transportation,78,976,-0.17501102021173373,15,4,1
apparel,26,591,-0.21753784600617598,10,4,0
tourism,23,780,-0.15394046091843397,21,6,0
food,79,50,-0.23078219756196441,18,6,1
household,29,627,-0.2083694814305633,18,6,1
other,62,869,0.9956624781865663,18,6,0
household,29,643,-0.2083694814305633,18,6,1
apparel,0,797,-0.11715493903532621,18,6,0
apparel,26,802,-0.09109364120811561,18,6,0
transportation,4,778,-0.22791545480097125,18,6,1
transportation,81,81,-0.2135817409960054,14,6,1
transportation,4,51,-0.22661238990961072,13,6,1
transportation,4,74,-0.22661238990961072,19,5,1
household,43,910,0.28418904750371693,19,5,0
household,2,208,3.166568587193209,17,5,2
household,34,969,-0.21618787077872648,12,5,2
transportation,81,745,-0.22921851969233178,11,5,1
food,79,52,-0.22921851969233178,11,5,1
food,74,237,-0.22661238990961072,11,5,1
food,49,502,-0.1510346262107,15,1,2
household,43,878,0.30608053767857385,14,1,0
transportation,4,74,-0.22400626012688965,16,3,1
food,10,260,-0.229739745648876,16,3,2
food,53,616,-0.21566664482218226,16,3,2
health,35,911,-0.17924598110865547,14,3,0
transportation,81,97,-0.22661238990961072,13,3,1
subscription,77,720,-0.19351454166905327,11,3,0
food,74,121,-0.21879400056144754,11,3,1
subscription,55,201,0.42882925044473574,19,2,0
transportation,4,1011,-0.22661238990961072,10,2,1
subscription,55,365,-0.18725983019052272,15,0,2
family,65,1011,0.286795177286438,13,5,2
subscription,55,365,-0.22791545480097125,10,5,2
subscription,55,365,-0.23052158458369232,22,1,2
subscription,55,365,-0.23052158458369232,21,0,2
transportation,81,126,0.08184913117325388,9,0,2
food,22,31,-0.212539289082917,0,5,1
self-development,62,588,0.1322516811710792,0,5,0
household,38,885,0.5474081555585439,0,2,2
subscription,55,365,-0.060601922750279216,0,4,0
subscription,55,365,-0.22791545480097125,14,1,0
beauty,33,475,-0.2083694814305633,10,1,1
household,43,882,-0.21488480588736594,10,3,1
transportation,4,729,-0.2214001303441686,7,2,1
subscription,55,365,-0.060601922750279216,9,4,2
subscription,77,720,-0.1911690248646043,21,6,0
health,35,38,-0.19429638060386958,20,5,1
family,65,1011,-0.19794496229967906,14,1,1
family,54,883,-0.20263599590857698,14,3,2
household,44,430,-0.22791545480097125,19,2,1
subscription,55,365,-0.23052158458369232,15,2,2
subscription,55,365,-0.15598627279787,15,0,2
food,41,333,-0.1992480271910396,20,5,2
transportation,4,1006,-0.22661238990961072,20,5,1
household,2,563,5.368748253592504,20,5,2
transportation,4,724,-0.2214001303441686,18,5,1
subscription,55,365,-0.15598627279787,23,1,2
other,62,376,-0.22400626012688965,22,1,1
transportation,4,761,-0.2214001303441686,22,1,1
food,74,789,-0.23052158458369232,18,1,1
food,27,54,0.09133544358235857,12,1,2
transportation,81,76,-0.22400626012688965,9,1,1
transportation,4,51,-0.22400626012688965,9,1,1
apparel,46,322,-0.21436357993082175,20,3,1
education,75,455,-0.23130342351850863,20,3,1
food,18,382,-0.1205429077528636,0,6,0
food,49,282,-0.21618787077872648,0,6,1
food,74,151,-0.2219213563007128,0,6,1
food,53,616,-0.21566664482218226,0,6,2
food,68,17,-0.22921851969233178,0,1,1
food,41,56,-0.2135817409960054,0,0,2
subscription,60,592,-0.23130342351850863,0,6,1
food,7,943,-0.22270319523552914,0,6,1
food,53,486,-0.2250487120399781,0,6,1
subscription,59,1011,-0.1825687965816248,0,6,0
food,76,534,-0.10412429012172092,0,3,1
food,53,616,-0.21566664482218226,0,3,2
beauty,33,861,-0.2214001303441686,0,3,1
household,80,493,0.048594915145733185,0,4,0
transportation,6,584,-0.22921851969233178,0,4,1
subscription,50,1011,-0.10021509544763933,0,4,2
food,49,502,-0.12236719860076833,0,4,2
food,53,616,-0.21566664482218226,0,4,1
family,65,1011,-0.07806299229451032,0,2,1
household,43,910,-0.224788099061706,0,4,1
food,53,616,-0.21566664482218226,0,4,2
food,74,237,-0.22400626012688965,0,1,2
food,27,587,-0.16145914534158423,0,1,2
food,53,616,-0.21566664482218226,0,0,1
health,52,523,-0.22322442119207334,0,0,2
health,52,815,-0.20263599590857698,0,0,2
family,65,1011,-0.16667140490702634,0,0,1
money transfer,37,1011,2.371699003463286,0,0,2
food,74,168,-0.21566664482218226,18,1,1
household,43,910,-0.19142963784287642,18,1,1
subscription,77,348,-0.18856289508188326,9,1,0
food,7,943,-0.22270319523552914,9,1,1
food,53,616,-0.21566664482218226,9,1,1
gift,62,939,-0.10412429012172092,6,1,1
food,5,111,-0.22400626012688965,18,3,2
food,18,502,-0.12679761923139413,21,2,0
family,65,1011,-0.10412429012172092,10,2,1
household,43,910,-0.15754995066750263,18,0,1
food,74,660,-0.22661238990961072,20,4,1
food,53,616,-0.21566664482218226,20,4,2
family,65,1011,0.02618219901433207,11,4,1
food,49,282,-0.21618787077872648,18,6,1
subscription,77,720,-0.19351454166905327,22,5,0
household,43,514,-0.22452748608343387,18,1,2
maid,62,1011,-0.10412429012172092,15,1,1
food,85,1011,-0.23182464947505285,21,3,1
household,43,910,-0.18491431338607375,12,3,1
food,53,616,-0.21566664482218226,12,3,2
food,41,655,-0.19273270273423695,23,2,1
food,17,360,-0.22921851969233178,21,2,1
food,18,907,-0.21618787077872648,20,0,2
household,44,430,-0.23078219756196441,20,4,1
food,22,167,-0.2250487120399781,9,4,2
food,53,616,-0.21566664482218226,9,4,2
food,53,616,-0.21566664482218226,9,5,1
education,75,139,-0.22895790671405966,22,1,2
apparel,46,322,-0.21801216162663123,20,1,2
household,43,324,-0.1640652751243053,20,1,2
household,43,910,-0.16536834001566583,18,1,2
household,43,878,-0.11715493903532621,18,1,0
food,74,710,-0.21618787077872648,19,3,1
food,79,52,-0.22921851969233178,19,3,1
household,44,993,-0.02620100961836123,19,3,0
family,51,253,-0.09760896566491827,14,3,0
transportation,6,894,-0.23182464947505285,14,3,1
transportation,81,745,-0.22921851969233178,14,3,1
food,49,282,-0.21618787077872648,14,3,1
household,43,910,-0.20654519058265855,22,2,2
food,32,739,-0.22400626012688965,22,2,2
food,7,541,-0.22270319523552914,6,2,2
food,53,616,-0.21566664482218226,6,2,2
health,45,414,-0.05200169446729972,20,0,1
subscription,59,1011,-0.1825687965816248,0,5,0
household,43,1011,-0.20524212569129804,0,5,1
food,74,709,-0.22921851969233178,0,5,1
food,49,282,-0.20055109208240013,0,5,1
food,10,260,-0.229739745648876,0,4,1
food,49,282,-0.21618787077872648,0,4,1
gift,62,418,-0.1692775346897474,0,4,2
food,32,459,-0.23182464947505285,0,5,1
food,53,616,-0.21566664482218226,0,5,1
household,43,910,0.24952752139352688,0,6,0
household,43,714,-0.22817606777924335,0,6,1
food,53,486,-0.2250487120399781,0,6,1
money transfer,37,1011,6.150587188408823,0,1,2
household,43,514,-0.22452748608343387,0,0,1
food,22,167,-0.2250487120399781,0,0,1
food,53,616,-0.21566664482218226,0,0,1
food,49,282,-0.20055109208240013,0,0,1
transportation,6,584,-0.22921851969233178,0,3,1
household,34,1005,-0.19559944549523012,0,3,0
food,32,715,-0.22817606777924335,0,3,1
food,17,360,-0.22921851969233178,0,3,1
food,61,679,-0.2250487120399781,0,3,1
maid,62,1011,0.286795177286438,0,3,1
other,62,210,-0.2328931626859685,0,4,2
other,62,210,-0.2279727896561911,0,4,2
food,53,616,-0.21566664482218226,0,4,1
money transfer,37,1011,2.373236620035091,0,4,2
food,41,49,-0.22270319523552914,21,2,2
food,18,502,-0.17084121255938003,19,2,0
food,49,382,-0.1252339413617615,13,2,0
transportation,6,894,-0.23182464947505285,11,2,2
transportation,81,752,-0.22661238990961072,7,2,1
food,74,18,-0.22791545480097125,20,0,1
food,85,460,-0.22921851969233178,11,0,1
food,53,616,-0.21566664482218226,11,0,1
food,18,209,0.08716563593000487,20,4,0
food,10,260,-0.22530932501825018,19,5,1
food,53,616,-0.21566664482218226,13,1,2
subscription,77,720,-0.19351454166905327,9,1,0
transportation,6,894,-0.23182464947505285,21,3,1
food,74,785,-0.22791545480097125,21,3,1
food,79,113,-0.22921851969233178,21,3,1
food,74,57,-0.19273270273423695,21,3,1
food,74,442,-0.2135817409960054,21,3,0
food,79,515,-0.17188366447246847,21,3,0
culture,8,422,-0.2083694814305633,19,0,1
food,25,13,-0.23260648840986917,22,4,2
food,85,484,-0.23052158458369232,22,4,1
household,43,910,-0.19455699358214168,20,4,2
food,74,737,-0.195338832516958,19,4,2
food,74,789,-0.195338832516958,19,4,1
food,68,17,-0.22921851969233178,12,4,1
food,53,616,-0.21566664482218226,12,4,1
food,74,61,-0.22817606777924335,23,6,2
household,43,514,-0.22452748608343387,18,6,0
family,65,1011,-0.2214001303441686,17,6,1
food,18,58,-0.17031998660283584,20,5,0
other,62,1011,-0.2300003586271481,16,5,2
food,74,304,-0.17820352919556703,16,5,0
food,10,260,-0.229739745648876,16,5,1
food,22,167,-0.2250487120399781,16,5,1
food,53,486,-0.2250487120399781,16,5,1
transportation,6,894,-0.23182464947505285,20,3,1
food,74,355,-0.23052158458369232,18,3,1
family,14,959,-0.02620100961836123,18,3,0
family,14,231,-0.10464551607826512,18,3,0
food,74,701,-0.2214001303441686,17,3,1
food,74,18,-0.22661238990961072,17,3,1
food,79,353,-0.23182464947505285,17,3,1
transportation,81,745,-0.22921851969233178,16,3,1
food,49,282,-0.22661238990961072,22,2,1
food,53,486,-0.224788099061706,13,2,2
food,49,282,-0.21879400056144754,16,4,1
food,53,486,-0.2250487120399781,16,4,2
household,43,597,-0.19794496229967906,21,6,1
food,61,679,-0.22400626012688965,21,6,1
food,18,382,-0.08379647781649666,6,6,0
family,65,1011,-0.10933654968716304,12,5,1
food,53,486,-0.2250487120399781,9,5,2
transportation,81,94,0.10254180164805912,0,1,2
household,34,642,-0.1562468857761421,0,6,1
health,35,189,-0.21436357993082175,0,6,1
food,53,15,-0.21566664482218226,0,6,1
food,53,486,-0.2250487120399781,0,6,1
apparel,46,322,-0.21071499823501225,0,0,2
food,9,426,-0.22400626012688965,0,0,1
subscription,50,1011,-0.09369977099083668,0,0,2
food,22,167,-0.2250487120399781,0,0,1
food,53,486,-0.2250487120399781,0,0,1
festivals,36,501,-0.22921851969233178,0,5,2
food,74,120,-0.22661238990961072,0,5,2
health,52,936,-0.18960534699497167,0,3,1
health,52,161,-0.22869729373578757,0,3,1
education,75,1009,-0.23338832734468548,0,3,2
food,53,486,-0.2250487120399781,0,3,1
documents,16,181,-0.2214001303441686,0,3,0
family,65,1011,-0.2214001303441686,0,3,1
food,41,313,-0.22921851969233178,0,4,1
food,25,578,-0.19221147677769274,0,4,2
household,43,910,0.1192210322574739,0,4,0
household,43,878,0.0188850356227131,0,4,0
other,62,251,-0.23182464947505285,0,4,2
family,65,1011,-0.11715493903532621,0,5,1
food,49,282,-0.20055109208240013,0,5,1
food,53,486,-0.2250487120399781,0,2,2
food,41,313,-0.23052158458369232,0,2,2
food,18,382,-0.18517492636434588,0,6,0
food,22,167,-0.2250487120399781,0,6,1
money transfer,37,1011,2.371699003463286,0,6,2
food,7,541,-0.22270319523552914,20,6,2
food,53,487,-0.2250487120399781,20,6,2
food,61,677,-0.22661238990961072,20,6,0
food,66,788,-0.229739745648876,20,6,0
household,43,514,-0.22452748608343387,19,5,0
food,49,157,-0.22661238990961072,13,5,1
food,53,15,-0.21540603184391016,22,1,2
household,80,622,-0.19794496229967906,19,1,2
transportation,6,425,-0.11897922988323095,18,1,0
food,5,287,-0.2300003586271481,12,1,2
food,9,426,-0.22400626012688965,20,2,2
health,52,815,-0.20107231803894435,22,0,1
food,68,17,-0.22921851969233178,7,0,2
food,53,15,-0.21566664482218226,6,0,2
subscription,77,720,-0.19351454166905327,23,4,2
food,5,565,-0.22921851969233178,20,4,2
food,61,677,-0.22921851969233178,20,4,2
food,49,282,-0.18439308742952956,19,4,2
household,2,545,0.4431629642497016,21,5,2
beauty,33,476,-0.1901265729515159,22,1,2
food,53,15,-0.21566664482218226,9,1,2
food,74,61,-0.22817606777924335,9,1,2
food,18,229,0.23024216100139105,23,2,0
family,14,1011,0.7032547165652634,23,2,0
transportation,6,584,-0.22921851969233178,19,2,1
food,49,157,-0.22661238990961072,19,2,1
food,74,224,-0.22270319523552914,8,0,2
food,7,541,-0.22270319523552914,8,0,2
food,53,15,-0.21566664482218226,8,0,2
food,41,313,-0.22530932501825018,19,4,2
food,32,485,-0.22661238990961072,19,4,2
household,43,910,-0.2039390607999375,19,4,0
food,74,5,-0.21879400056144754,19,6,2
food,66,788,-0.22791545480097125,20,5,0
food,9,260,-0.22530932501825018,20,5,2
food,32,199,-0.21566664482218226,20,5,2
food,53,15,-0.21566664482218226,6,5,2
food,22,167,-0.2250487120399781,0,3,2
food,17,135,-0.22661238990961072,0,3,2
food,25,578,-0.19221147677769274,0,3,1
transportation,4,74,-0.22661238990961072,0,0,1
food,18,710,-0.173186729363829,0,0,1
food,74,977,-0.23052158458369232,0,0,1
transportation,81,744,-0.22400626012688965,0,0,1
transportation,4,350,-0.23052158458369232,0,0,1
food,53,15,-0.2164484837569986,0,5,2
apparel,46,322,-0.20889070738710752,0,3,2
food,74,866,-0.22530932501825018,0,4,2
food,61,677,-0.22791545480097125,0,4,2
food,53,15,-0.2164484837569986,0,4,2
culture,56,103,-0.15311953003687684,0,2,0
family,65,1011,-0.10412429012172092,0,6,1
food,32,809,-0.17709592403791058,0,6,2
food,7,541,-0.22270319523552914,0,6,2
food,53,17,-0.2164484837569986,0,6,2
food,18,382,-0.11663371307878201,0,1,0
food,49,282,-0.2214001303441686,0,1,2
food,53,486,-0.22530932501825018,0,1,2
food,41,313,-0.23182464947505285,0,0,2
transportation,82,766,0.011848485209366242,0,0,0
food,49,282,-0.21306051503946122,0,0,2
family,65,1011,-0.1901265729515159,0,0,1
food,27,174,-0.22661238990961072,0,5,2
food,85,484,-0.23052158458369232,0,5,2
maid,62,1011,0.286795177286438,0,5,1
money transfer,37,1011,2.371699003463286,0,5,2
food,18,209,-0.1510346262107,22,6,1
transportation,6,704,-0.2214001303441686,20,6,2
food,53,15,-0.2164484837569986,7,6,2
household,44,593,-0.23182464947505285,21,5,2
food,32,360,-0.22921851969233178,21,5,2
family,65,1011,-0.2083694814305633,8,5,1
food,7,541,-0.22270319523552914,7,1,2
food,22,167,-0.22348503417034546,7,1,2
food,53,15,-0.2164484837569986,7,1,2
food,74,61,-0.22817606777924335,19,3,2
household,43,878,0.020162039216246416,19,3,0
household,43,910,-0.03532246385788494,19,3,0
transportation,6,965,10.971927286442783,18,2,2
transportation,4,742,-0.23052158458369232,14,0,1
transportation,81,745,-0.22921851969233178,12,0,1
apparel,15,799,0.028527715818781024,12,0,0
food,68,17,-0.22921851969233178,10,0,2
food,53,15,-0.2164484837569986,10,0,2
food,66,788,-0.22791545480097125,10,0,1
household,43,514,-0.22452748608343387,10,0,1
food,49,282,-0.21618787077872648,13,4,1
food,53,486,-0.22530932501825018,9,6,1
household,43,878,-0.16328343618948898,21,5,0
food,25,62,-0.23078219756196441,19,1,2
food,25,578,-0.19221147677769274,12,1,1
health,52,337,-0.22661238990961072,10,1,2
food,53,15,-0.2164484837569986,10,1,2
food,18,502,-0.1343553956012852,19,3,0
food,7,341,-0.23182464947505285,20,2,2
food,9,1011,-0.22270319523552914,20,2,2
subscription,77,720,-0.18778105614706694,10,2,0
food,9,428,-0.2300003586271481,22,0,2
household,43,196,-0.2206182914093523,22,0,2
food,9,428,-0.22921851969233178,22,0,1
household,43,277,-0.22244258225725702,22,0,1
transportation,6,964,12.796218134347525,21,4,2
food,49,443,-0.1773565370161827,15,4,0
food,22,167,-0.22348503417034546,7,4,2
food,53,15,-0.2164484837569986,7,4,2
household,43,235,-0.19142963784287642,9,5,1
food,53,15,-0.2164484837569986,8,5,2
social life,47,588,-0.15676811173268632,7,5,0
food,76,312,-0.1604166934284958,16,1,0
food,32,678,-0.22452748608343387,16,1,1
transportation,81,744,-0.22400626012688965,13,1,1
transportation,4,966,-0.1651077270373937,13,1,2
transportation,81,750,-0.22400626012688965,15,3,1
household,34,994,-0.026461622596633337,15,3,0
transportation,4,895,-0.22921851969233178,15,3,1
transportation,4,368,-0.22791545480097125,15,3,1
apparel,15,497,-0.1825687965816248,15,3,0
transportation,4,690,-0.22843668075751547,12,3,1
transportation,4,646,-0.22400626012688965,10,3,1
transportation,4,350,-0.23052158458369232,7,3,1
health,52,936,-0.04157717533641548,20,2,1
apparel,46,322,-0.2135817409960054,20,2,2
household,43,878,-0.17553224616827795,0,2,0
health,45,413,-0.10412429012172092,0,2,1
food,22,167,-0.22348503417034546,0,4,2
food,53,15,-0.2164484837569986,0,4,2
food,68,71,-0.22400626012688965,0,1,2
food,9,426,-0.2255699379965223,0,2,1
food,53,15,-0.2164484837569986,0,2,2
food,74,977,-0.22921851969233178,0,6,1
household,34,887,0.13016677734490234,0,6,0
food,25,577,-0.2073270295174749,0,6,2
household,43,495,-0.19142963784287642,0,6,1
food,79,52,-0.22921851969233178,0,3,1
transportation,81,745,-0.22921851969233178,0,3,1
subscription,50,1011,-0.023334266857368065,0,0,2
household,43,514,-0.22452748608343387,0,0,1
household,2,160,-0.2083694814305633,0,0,2
food,17,50,-0.22921851969233178,0,0,1
food,53,15,-0.2164484837569986,0,0,1
household,43,324,-0.1640652751243053,0,3,1
household,43,653,-0.20055109208240013,0,3,1
food,49,282,-0.21618787077872648,0,3,1
documents,84,179,-0.2214001303441686,0,3,2
food,18,1008,-0.05695334105446973,0,4,0
transportation,6,963,0.02618219901433207,0,4,2
food,22,167,-0.22400626012688965,0,4,2
food,53,15,-0.2164484837569986,0,4,2
household,43,910,0.06266801597242691,0,4,0
health,52,815,-0.19325392869078115,0,4,1
subscription,1,193,-0.10881532373061882,0,1,0
food,41,807,-0.23052158458369232,0,1,1
household,29,572,-0.07832360527278243,0,1,0
food,53,15,-0.2164484837569986,0,1,1
money transfer,37,1011,7.583958568905405,0,1,2
maid,62,1011,0.286795177286438,0,1,1
food,9,427,-0.22661238990961072,13,3,1
food,85,387,-0.22791545480097125,10,2,1
family,54,438,-0.11715493903532621,21,0,2
food,74,138,-0.22661238990961072,18,0,1
household,43,1011,-0.1869992172122506,18,0,1
food,25,1011,-0.23312771436641336,18,0,1
subscription,55,365,-0.18725983019052272,13,0,2
food,85,459,-0.23182464947505285,18,4,1
food,32,924,-0.21618787077872648,18,6,1
subscription,60,400,0.22138131974013944,19,5,0
subscription,77,720,-0.19377515464732536,17,1,0
subscription,55,365,-0.18725983019052272,11,1,2
transportation,4,761,-0.2135817409960054,5,1,1
transportation,4,51,-0.22661238990961072,21,3,2
gift,62,244,0.12104532310537865,19,3,0
food,74,471,-0.22791545480097125,19,3,1
household,80,949,-0.2083694814305633,19,3,1
food,53,486,-0.22530932501825018,8,3,2
gift,62,244,-0.026461622596633337,11,2,0
food,49,502,-0.13539784751437364,14,0,2
food,74,977,-0.23052158458369232,20,4,2
household,43,913,-0.2036784478216654,20,4,1
food,49,282,-0.217490935670087,14,4,1
food,53,616,-0.21618787077872648,14,4,1
food,49,282,-0.20967254632192384,10,6,1
subscription,21,817,7.166977803670036,10,6,0
family,65,1011,-0.10412429012172092,20,5,1
food,74,301,-0.22270319523552914,18,5,1
transportation,81,755,-0.23182464947505285,17,5,1
food,53,616,-0.2164484837569986,6,5,2
apparel,15,971,-0.15311953003687684,6,1,0
food,18,209,-0.10282122523036039,22,3,0
transportation,4,1006,-0.22661238990961072,22,3,1
household,43,380,-0.005612584334864859,22,3,0
food,79,52,-0.22921851969233178,17,3,1
transportation,4,330,-0.22791545480097125,17,3,1
transportation,81,745,-0.22921851969233178,16,3,1
transportation,4,350,-0.23052158458369232,16,3,1
food,53,616,-0.2164484837569986,7,2,2
other,62,661,-0.23182464947505285,7,0,1
food,41,313,-0.23052158458369232,7,0,1
food,32,693,-0.19664189740831853,20,4,1
apparel,46,322,-0.20889070738710752,22,6,1
family,65,1011,-0.22921851969233178,17,6,1
food,53,616,-0.2164484837569986,7,6,2
food,22,167,-0.22400626012688965,0,5,1
food,74,383,-0.2083694814305633,0,5,0
food,49,282,-0.2135817409960054,0,5,1
food,85,1011,-0.21097561121328437,0,4,1
food,27,1011,-0.15364075599342106,0,4,1
food,74,471,-0.22791545480097125,0,4,1
food,49,282,-0.217490935670087,0,4,2
food,49,282,-0.2122786761046449,0,5,1
food,18,504,-0.12810068412275466,0,2,2
food,53,616,-0.2164484837569986,0,6,2
food,49,282,-0.20185415697376066,0,1,2
subscription,77,348,-0.2083694814305633,0,0,2
subscription,21,1011,0.4692242620769122,0,0,2
household,43,878,0.009763581383189394,0,6,0
household,43,910,0.02357606923161101,0,6,0
food,27,1011,-0.2031572218651212,0,6,2
food,9,1011,-0.22530932501825018,0,6,2
food,74,196,-0.2214001303441686,0,6,1
food,53,616,-0.2164484837569986,0,6,2
subscription,60,1011,-0.20576335164784224,0,6,2
food,74,866,-0.22661238990961072,0,3,1
food,49,503,-0.15885301555886316,0,3,2
other,62,64,-0.22921851969233178,0,3,1
beauty,33,476,-0.19273270273423695,0,3,1
food,41,313,-0.22530932501825018,0,3,2
food,53,616,-0.2164484837569986,0,3,2
food,49,283,-0.20185415697376066,0,4,2
food,53,15,-0.2164484837569986,0,4,2
maid,62,1011,0.286795177286438,0,4,1
health,52,161,-0.22869729373578757,20,4,2
health,35,462,-0.025940396640089125,20,4,2
health,35,416,5.681483827519032,20,4,0
money transfer,37,1011,2.371699003463286,16,4,2
family,65,295,-0.2214001303441686,8,4,1
food,9,918,-0.21097561121328437,17,5,2
food,22,167,-0.22348503417034546,17,5,2
food,9,1011,-0.229739745648876,17,5,2
household,43,944,-0.2044602867564817,17,5,0
food,85,1011,-0.19794496229967906,17,5,2
food,53,15,-0.2164484837569986,8,5,2
health,35,461,0.02618219901433207,21,1,2
transportation,4,74,-0.22661238990961072,16,1,1
transportation,4,773,-0.22661238990961072,13,1,1
transportation,81,19,-0.23312771436641336,13,1,1
apparel,26,836,0.4689636490986401,13,1,0
transportation,4,405,-0.22400626012688965,20,3,1
health,52,403,-0.19299331571250905,20,3,0
transportation,4,775,-0.22400626012688965,17,3,1
health,39,827,-0.1301855879489315,17,3,2
transportation,81,20,-0.23182464947505285,16,3,1
subscription,77,720,-0.19377515464732536,10,2,0
food,53,15,-0.2164484837569986,9,2,2
apparel,46,323,-0.21097561121328437,9,2,1
food,85,484,-0.23182464947505285,8,2,1
culture,56,103,-0.15259830408033262,12,0,0
food,9,429,-0.22843668075751547,12,4,1
food,32,359,-0.2300003586271481,12,4,1
food,25,133,-0.22895790671405966,12,4,1
food,53,15,-0.2164484837569986,6,4,2
food,53,616,-0.21618787077872648,18,1,2
food,74,18,-0.22921851969233178,20,3,2
transportation,4,74,-0.22661238990961072,20,3,1
transportation,81,79,-0.22921851969233178,20,3,1
transportation,4,51,-0.22661238990961072,20,3,1
culture,56,103,-0.12080352073113569,13,3,0
household,43,542,-0.17136243851592425,22,2,0
food,22,167,-0.22426687310516177,20,2,2
subscription,50,1011,-0.19612067145177434,15,2,2
self-development,62,588,0.01315155010072677,11,2,2
food,53,26,-0.2073270295174749,8,2,2
food,41,980,-0.20706641653920277,22,0,2
household,43,188,-0.2135817409960054,22,0,2
food,25,152,-0.22713361586615494,13,0,2
food,53,15,-0.21618787077872648,5,4,2
food,18,502,-0.09786957864319037,20,6,0
household,43,942,-0.17996266679890374,20,6,2
education,75,736,-0.22270319523552914,20,6,2
food,9,264,-0.22791545480097125,20,6,2
household,43,198,-0.20967254632192384,20,6,0
food,27,1011,-0.20185415697376066,22,5,1
family,65,1011,-0.033758785988252306,22,5,1
food,32,992,-0.19273270273423695,20,5,2
household,43,699,-0.18752044316879482,20,1,2
food,53,618,-0.21618787077872648,20,1,2
food,32,678,-0.2214001303441686,20,1,2
household,43,580,-0.1645865010808495,20,1,0
food,32,865,-0.21879400056144754,20,1,2
transportation,4,74,-0.22661238990961072,0,1,1
food,18,209,0.1630040126071877,0,1,0
food,79,1011,-0.23130342351850863,0,1,1
household,2,974,-0.20055109208240013,0,1,0
household,2,844,-0.2031572218651212,0,1,1
other,62,869,0.7272311105662971,0,1,0
transportation,4,778,-0.2255699379965223,0,1,1
transportation,81,770,-0.22661238990961072,0,1,1
transportation,81,749,-0.22400626012688965,0,1,1
food,22,167,-0.22426687310516177,0,2,2
food,53,486,-0.22765484182269916,0,2,2
apparel,46,323,-0.21566664482218226,0,1,1
household,80,329,-0.22921851969233178,0,1,1
household,43,1011,-0.2169697097135428,0,1,0
health,52,184,-0.2083694814305633,0,1,2
food,49,241,-0.22400626012688965,0,1,2
food,53,15,-0.21618787077872648,0,1,2
household,43,1011,-0.09396038396910879,0,0,0
food,27,10,-0.20055109208240013,0,0,2
food,53,15,-0.21618787077872648,0,5,2
food,22,167,-0.22426687310516177,0,3,1
transportation,4,742,-0.23052158458369232,0,4,1
subscription,77,348,-0.1823081836033527,0,4,2
subscription,21,1011,0.4692242620769122,0,2,2
food,74,73,-0.22921851969233178,0,2,1
other,62,364,-0.20055109208240013,0,2,1
subscription,55,630,-0.15728933768923054,0,6,2
money transfer,37,1011,2.371699003463286,0,6,2
subscription,55,630,-0.15728933768923054,22,3,2
subscription,55,630,-0.15728933768923054,22,3,0
subscription,40,904,-0.02711576117209632,21,3,0
transportation,4,723,-0.22400626012688965,12,0,1
transportation,4,1006,-0.2214001303441686,19,4,1
festivals,19,663,-0.2214001303441686,19,4,1
festivals,19,663,-0.23182464947505285,16,4,1
festivals,19,663,-0.10412429012172092,13,4,1
subscription,55,630,-0.15728933768923054,18,5,2
food,74,357,-0.23182464947505285,10,5,1
household,80,851,-0.23208526245332495,21,1,1
apparel,26,876,-0.17709592403791058,19,1,1
festivals,19,182,-0.1823081836033527,18,1,1
household,80,373,-0.2086300944088354,18,1,1
household,44,430,-0.22739422884442703,11,1,1
household,43,1011,-0.2214001303441686,9,1,1
subscription,77,720,-0.18465370040780166,4,1,2
transportation,4,351,-0.2214001303441686,18,3,1
other,62,521,0.2576065237199622,21,2,0
food,32,681,-0.2258305509747944,19,2,1
maid,62,1011,0.286795177286438,13,2,1
gift,62,418,-0.1823081836033527,23,0,2
festivals,19,805,-0.22921851969233178,19,0,1
food,74,471,-0.22791545480097125,21,4,1
transportation,81,92,0.11296632077894336,19,6,0
transportation,81,93,0.08638379699518856,19,6,0
family,65,1011,-0.21618787077872648,12,0,1
transportation,81,767,-0.0627910717677649,0,0,2
household,44,430,-0.23078219756196441,0,5,1
food,27,1011,-0.17448979425518954,0,3,1
food,32,992,-0.16145914534158423,0,3,1
subscription,87,24,1.235426418196904,0,3,2
gift,62,436,1.459553579510915,0,4,0
family,14,408,0.5990095252564209,0,4,0
health,52,1011,-0.11246390542642831,0,2,2
other,62,183,-0.1823081836033527,0,6,2
subscription,21,1011,0.4692242620769122,0,1,2
health,52,256,-0.2214001303441686,0,1,2
family,65,1011,-0.1301855879489315,0,1,1
household,43,910,0.5617418693635098,0,0,0
maid,62,1011,0.286795177286438,0,0,1
subscription,40,134,-0.19559944549523012,0,5,2
money transfer,37,1011,2.371699003463286,0,5,2
health,52,278,-0.21905461353971964,20,2,2
household,43,910,-0.1940357676255975,20,2,2
food,32,992,-0.1992480271910396,20,2,2
food,32,992,-0.22661238990961072,20,2,1
household,44,334,-0.07806299229451032,17,2,1
apparel,46,323,-0.21879400056144754,21,0,1
food,74,471,-0.22791545480097125,21,0,1
food,41,979,-0.23182464947505285,21,0,1
health,52,144,-0.22895790671405966,21,0,2
subscription,77,348,-0.1783989889292711,18,4,2
transportation,82,87,0.38791301285601515,16,4,2
household,43,1011,-0.15311953003687684,20,6,1
gift,62,418,-0.1473860445148905,15,6,2
food,27,479,-0.22661238990961072,17,1,2
food,27,204,-0.1562468857761421,17,1,2
transportation,4,74,-0.22661238990961072,21,3,1
transportation,81,755,-0.23182464947505285,21,3,1
culture,56,37,-0.08848751142539456,15,3,0
food,76,481,-0.16145914534158423,11,3,1
beauty,33,475,-0.2083694814305633,11,3,2
food,18,306,-0.2083694814305633,21,2,2
other,62,968,-0.23182464947505285,15,4,1
transportation,4,742,-0.23052158458369232,15,4,1
food,74,977,-0.23052158458369232,12,4,1
food,79,1011,-0.23182464947505285,12,4,1
transportation,81,743,-0.22661238990961072,8,4,1
family,65,1011,-0.21618787077872648,7,4,1
health,35,912,-0.22921851969233178,19,6,2
other,62,345,-0.2083694814305633,14,6,2
family,65,1011,-0.22921851969233178,14,6,1
health,52,1011,-0.22009706545280808,20,1,2
food,27,479,-0.21879400056144754,10,1,1
food,27,654,-0.22009706545280808,10,1,1
household,43,1011,-0.20472089973475383,21,3,2
health,52,1011,-0.1950782195386859,12,3,2
household,43,910,-0.08900873738193876,10,3,0
food,9,1011,-0.22530932501825018,10,3,2
food,53,26,-0.2086300944088354,10,3,2
food,18,907,-0.21879400056144754,22,0,1
food,49,1011,-0.20055109208240013,13,0,2
food,27,654,-0.22009706545280808,11,0,1
health,52,1011,-0.13722213836227837,11,0,2
health,39,381,-0.195338832516958,11,0,2
transportation,82,90,0.13042739032317446,11,0,2
food,79,114,-0.22817606777924335,9,0,2
food,10,101,-0.2214001303441686,9,0,2
food,53,616,-0.21723032269181491,9,0,2
food,49,1011,-0.16093791938504,6,4,0
subscription,77,348,-0.2083694814305633,6,4,2
food,18,907,-0.20576335164784224,21,6,2
food,53,616,-0.21723032269181491,0,2,2
transportation,4,351,-0.21879400056144754,0,4,1
transportation,82,87,0.4426417382931574,0,4,2
family,65,1011,0.41710166642249097,0,4,2
food,32,992,-0.1601560804502237,0,4,2
transportation,81,570,-0.2083694814305633,0,4,1
transportation,4,51,-0.22661238990961072,0,4,1
food,74,512,-0.21019377227846806,0,4,2
household,43,910,-0.10047570842591143,0,1,2
health,52,975,-0.22270319523552914,0,2,1
transportation,82,87,0.1408519094540587,0,6,2
food,25,579,-0.18335063551644112,0,6,1
family,65,1011,-0.10412429012172092,0,0,1
other,62,700,-0.22921851969233178,0,0,1
food,74,917,-0.19794496229967906,0,0,2
subscription,21,1011,0.4692242620769122,0,5,2
education,75,792,-0.2214001303441686,0,5,1
food,41,149,-0.22400626012688965,0,3,2
other,62,321,-0.23052158458369232,0,4,2
subscription,60,1011,-0.1901265729515159,0,4,2
maid,62,1011,-0.020728137074647005,0,1,1
food,53,616,-0.21723032269181491,0,1,2
money transfer,37,1011,2.371699003463286,0,1,2
other,62,879,-0.2298179295423576,16,4,2
household,80,662,-0.21879400056144754,10,4,1
household,43,505,-0.23182464947505285,10,4,1
household,43,525,-0.23312771436641336,10,4,1
household,43,654,-0.22791545480097125,10,4,1
food,53,26,-0.2086300944088354,6,4,2
health,52,161,-0.22869729373578757,21,6,2
transportation,78,674,-0.06763847316362608,12,5,1
tourism,83,623,-0.1823081836033527,12,1,1
food,74,48,-0.22921851969233178,12,1,1
tourism,83,623,-0.2083694814305633,4,3,1
health,52,995,-0.21905461353971964,4,3,1
transportation,4,590,-0.1823081836033527,4,3,1
food,10,705,-0.23312771436641336,22,2,1
health,52,901,-0.22426687310516177,5,0,1
transportation,4,218,-0.22400626012688965,22,4,1
food,20,822,-0.14973156131933946,22,4,0
household,38,41,0.5474081555585439,16,4,0
apparel,15,524,1.1207567077571772,16,4,0
food,49,34,-0.1562468857761421,14,6,1
transportation,78,673,-0.012909747726483825,14,6,1
family,65,1011,1.068634112102756,16,5,1
household,44,582,-0.1562468857761421,16,5,1
household,2,846,-0.16145914534158423,18,1,2
beauty,33,861,-0.2214001303441686,18,1,2
food,32,25,-0.2258305509747944,11,1,2
beauty,0,562,-0.2135817409960054,11,1,2
education,75,33,-0.22739422884442703,11,1,2
food,41,228,-0.1911690248646043,21,3,0
food,49,125,-0.1030818382086325,21,3,0
transportation,4,249,-0.21879400056144754,20,3,1
transportation,78,676,-0.14034949410154365,20,3,2
transportation,78,356,-0.22791545480097125,20,3,1
transportation,81,75,-0.21879400056144754,20,3,1
transportation,4,51,-0.22661238990961072,20,3,1
apparel,46,323,-0.2219213563007128,9,3,1
other,62,626,-0.17214427745074057,0,3,0
household,28,433,-0.0861419946209456,0,3,0
household,2,66,-0.21879400056144754,11,2,1
household,43,329,-0.22921851969233178,11,2,1
household,43,374,-0.22270319523552914,11,2,1
subscription,77,348,-0.1778777629727269,11,2,2
family,65,1011,-0.2083694814305633,15,0,1
maid,62,1011,0.03139445857977419,23,4,1
household,43,906,-0.2114968371698286,19,4,1
food,74,42,-0.22270319523552914,19,4,1
household,2,1004,0.13042739032317446,19,5,0
food,53,26,-0.2086300944088354,12,5,2
household,2,898,-0.1510346262107,20,1,0
household,43,247,-0.20524212569129804,11,1,0
festivals,58,450,-0.025940396640089125,0,0,1
transportation,82,91,0.19948982956528255,0,0,2
gift,62,803,-0.10412429012172092,0,6,1
transportation,11,47,-0.1119426794698841,0,6,1
transportation,4,1006,-0.2083694814305633,0,6,1
transportation,11,88,-0.14842849642797892,0,6,1
transportation,4,351,-0.21879400056144754,0,6,1
household,43,358,-0.21462419290909385,0,3,2
food,53,616,-0.21723032269181491,0,3,2
household,80,373,-0.1776171499944548,0,0,2
health,52,645,-0.20185415697376066,0,0,2
tourism,83,952,10.971927286442783,0,5,2
food,53,616,-0.21723032269181491,0,5,2
family,65,1011,1.068634112102756,0,2,2
food,53,486,-0.2258305509747944,0,2,2
health,52,996,-0.22869729373578757,0,4,1
subscription,60,1011,-0.1901265729515159,0,4,2
household,43,1011,-0.1557256598195979,0,4,1
food,10,548,-0.23312771436641336,0,4,2
food,49,157,-0.22791545480097125,0,4,2
gift,62,798,0.0024664179915704263,0,1,0
gift,62,798,0.06397108086378743,0,1,0
apparel,15,415,0.023315456253338904,0,1,0
health,52,318,-0.22739422884442703,0,1,2
family,65,295,-0.2083694814305633,0,1,1
health,39,599,1.378763556246562,0,1,2
subscription,55,412,0.5471475425802719,0,2,2
food,53,616,-0.2167090967352707,0,2,2
subscription,60,1011,-0.1901265729515159,0,6,2
subscription,21,1011,0.4692242620769122,0,6,2
food,74,581,-0.23078219756196441,0,6,2
food,53,616,-0.21723032269181491,0,6,2
apparel,15,650,-0.13044620092720363,0,3,2
health,52,153,-0.23182464947505285,0,3,1
money transfer,37,1011,2.371699003463286,0,3,2
food,18,285,-0.2083694814305633,21,1,2
transportation,4,669,-0.217490935670087,12,1,1
food,22,150,-0.22869729373578757,9,1,2
food,32,360,-0.22921851969233178,21,3,1
transportation,82,69,-0.0011821637042390574,21,3,2
household,2,552,0.02618219901433207,15,3,1
household,2,553,0.5474081555585439,15,3,2
food,74,308,-0.2083694814305633,14,3,1
transportation,81,745,-0.22921851969233178,14,3,1
food,53,616,-0.2177515486483591,13,2,2
health,52,506,-0.08952996333848298,13,2,0
transportation,4,668,-0.20915132036537962,9,2,2
transportation,4,74,-0.22661238990961072,16,0,1
health,52,506,-0.1909084118863322,15,0,0
health,39,506,0.5604388044721493,11,0,0
transportation,81,79,-0.22921851969233178,11,0,1
transportation,4,51,-0.22661238990961072,11,0,1
food,18,659,-0.1783989889292711,20,4,0
food,49,303,-0.1815263446685364,20,4,0
household,2,379,-0.1823081836033527,6,4,1
tourism,83,952,4.977828786184346,19,5,2
food,74,452,-0.16979876064629162,21,1,0
food,22,150,-0.22869729373578757,10,1,2
food,53,616,-0.2177515486483591,10,1,2
household,2,437,-0.1823081836033527,16,3,1
household,2,925,0.3037350208741249,15,3,2
food,32,196,-0.2208789043876244,12,3,2
food,53,616,-0.2177515486483591,14,2,2
other,62,271,0.02618219901433207,13,0,2
food,53,486,-0.2258305509747944,8,0,2
food,32,1011,-0.2114968371698286,19,4,2
food,74,796,-0.2214001303441686,19,4,1
subscription,55,201,0.42882925044473574,15,4,0
food,53,486,-0.2260911639530665,12,4,2
food,22,150,-0.22869729373578757,8,6,2
food,53,486,-0.2260911639530665,8,6,2
food,5,935,-0.22921851969233178,21,5,2
food,86,159,-0.21618787077872648,21,5,2
food,25,454,-0.22322442119207334,21,5,1
food,32,788,-0.22530932501825018,21,5,2
household,34,689,-0.17188366447246847,20,5,2
household,34,967,-0.09369977099083668,20,5,2
food,32,680,-0.22009706545280808,20,5,1
transportation,4,74,-0.22661238990961072,22,1,1
apparel,46,178,-0.21801216162663123,22,1,2
food,5,560,-0.21879400056144754,16,1,2
food,49,7,-0.09369977099083668,16,1,0
transportation,81,82,-0.22400626012688965,12,1,2
food,74,471,-0.22791545480097125,19,2,2
food,53,486,-0.2260911639530665,13,2,2
food,41,313,-0.23052158458369232,20,0,2
gift,62,418,-0.10412429012172092,0,4,2
food,53,616,-0.2177515486483591,0,4,2
food,41,313,-0.23052158458369232,0,5,2
education,75,250,-0.23182464947505285,0,5,2
family,65,1011,1.068634112102756,0,5,2
family,65,1011,0.15648868815038505,0,5,1
food,68,71,-0.2214001303441686,0,2,2
household,43,1011,0.5273409562315918,0,4,0
food,5,908,-0.22921851969233178,0,4,2
food,74,977,-0.22921851969233178,0,4,2
transportation,11,95,-0.23130342351850863,0,4,2
transportation,81,77,-0.2135817409960054,0,4,2
transportation,4,51,-0.22661238990961072,0,4,2
food,32,738,-0.22661238990961072,0,1,2
food,22,150,-0.22765484182269916,0,1,2
food,53,616,-0.2177515486483591,0,1,2
food,18,696,-0.2044602867564817,0,3,2
food,32,63,-0.2083694814305633,0,3,2
food,18,986,-0.18752044316879482,0,3,2
food,49,284,-0.22270319523552914,0,3,2
food,32,363,-0.22791545480097125,0,0,2
subscription,21,1011,0.4692242620769122,0,0,2
transportation,4,757,-0.21879400056144754,0,0,2
food,9,1011,-0.22530932501825018,0,0,2
food,53,616,-0.2177515486483591,0,0,2
other,62,375,-0.23312771436641336,0,5,2
subscription,60,1011,-0.1901265729515159,0,5,2
food,41,173,-0.19794496229967906,0,5,2
transportation,82,91,0.21147802656579942,0,2,2
money transfer,37,1011,2.371699003463286,0,2,2
gift,62,440,1.0165115164483347,8,0,2
beauty,33,861,-0.21879400056144754,19,4,2
transportation,4,760,-0.2214001303441686,7,4,1
transportation,81,83,-0.22661238990961072,22,6,1
transportation,4,51,-0.22661238990961072,22,6,1
food,49,303,-0.18582645881002613,13,6,2
food,32,163,-0.23052158458369232,10,6,2
family,65,1011,0.15648868815038505,9,6,2
maid,62,507,0.286795177286438,9,6,1
health,52,336,-0.23130342351850863,9,5,1
food,74,61,-0.22817606777924335,11,1,2
food,32,360,-0.22921851969233178,11,1,2
food,53,616,-0.2177515486483591,11,1,2
transportation,81,755,-0.23182464947505285,13,3,1
food,53,616,-0.2177515486483591,9,2,2
food,32,862,-0.22530932501825018,9,0,2
other,62,342,-0.08066912207723138,9,0,2
food,53,616,-0.2177515486483591,23,4,2
gift,62,439,0.18124692108623514,23,4,2
food,20,922,-0.16641079192875424,23,4,2
transportation,81,84,-0.22921851969233178,23,4,1
transportation,4,51,-0.22661238990961072,23,4,1
gift,62,347,-0.1692775346897474,21,5,2
food,32,865,-0.21879400056144754,10,1,2
food,25,578,-0.19768434932140697,10,1,1
food,32,200,-0.2135817409960054,10,1,2
food,10,260,-0.229739745648876,10,1,2
food,53,616,-0.2177515486483591,10,1,2
transportation,11,472,-0.23130342351850863,20,3,1
transportation,11,535,-0.23052158458369232,20,3,1
food,53,616,-0.2177515486483591,10,2,2
gift,62,527,-0.19872680123449538,23,0,2
food,53,616,-0.2177515486483591,19,0,2
other,62,338,-0.2214001303441686,19,4,2
education,75,791,-0.22687300288788284,19,4,2
food,53,616,-0.2177515486483591,20,5,2
beauty,33,475,-0.2083694814305633,0,1,2
food,53,616,-0.2177515486483591,0,1,2
health,52,339,-0.13383416964474099,0,0,2
transportation,81,65,-0.10386367714344881,0,0,2
subscription,60,945,-0.1901265729515159,0,0,2
transportation,4,74,-0.22661238990961072,0,3,1
transportation,4,51,-0.22661238990961072,0,3,1
culture,56,116,-0.036364915770973366,0,3,1
food,10,260,-0.22530932501825018,0,3,2
food,53,616,-0.2177515486483591,0,3,2
food,22,171,-0.22530932501825018,0,3,2
household,44,838,-0.22765484182269916,0,4,1
education,75,790,-0.23364894032295758,0,5,1
food,74,124,-0.22400626012688965,0,5,1
food,53,616,-0.2177515486483591,0,5,2
food,18,300,-0.18752044316879482,0,2,1
food,13,46,-0.22921851969233178,0,2,1
health,52,142,-0.229739745648876,0,2,1
health,52,886,-0.18491431338607375,0,2,2
family,65,1011,0.41710166642249097,0,2,2
food,85,716,-0.22791545480097125,0,4,2
food,53,616,-0.2177515486483591,0,4,2
food,5,908,-0.22921851969233178,0,1,2
household,43,910,-0.1648471140591216,0,1,2
food,49,659,-0.17111485618656577,0,1,2
subscription,21,1011,0.4692503233747394,0,1,2
food,74,977,-0.22921851969233178,0,1,2
food,25,578,-0.19768434932140697,0,1,2
food,74,61,-0.22817606777924335,0,0,2
food,53,616,-0.217490935670087,0,0,2
maid,62,1011,0.02618219901433207,0,0,1
money transfer,37,1011,2.371699003463286,0,0,2
apparel,15,973,-0.06372927848954449,20,6,2
food,18,157,-0.22791545480097125,19,5,2
transportation,4,74,-0.22661238990961072,19,5,1
food,5,874,-0.22400626012688965,17,5,1
food,49,123,-0.2031572218651212,17,5,1
household,44,344,-0.16276221023294477,17,5,1
food,79,113,-0.2255699379965223,11,5,2
transportation,81,81,-0.2135817409960054,9,5,1
transportation,4,51,-0.22661238990961072,9,5,1
food,32,483,-0.22530932501825018,9,1,2
education,75,1009,-0.22661238990961072,9,1,1
food,53,616,-0.2177515486483591,9,1,2
household,43,1011,0.025139747101243646,20,3,2
food,74,61,-0.22817606777924335,20,3,2
food,85,1011,-0.22270319523552914,19,3,1
food,32,586,-0.19794496229967906,19,3,2
food,32,1011,-0.22661238990961072,19,3,1
food,85,1011,-0.21879400056144754,19,3,2
food,10,602,-0.21618787077872648,19,3,2
food,53,616,-0.2177515486483591,18,2,2
education,75,792,-0.22921851969233178,13,2,2
food,85,717,-0.22921851969233178,13,2,2
food,74,801,-0.22661238990961072,8,4,1
transportation,81,754,-0.23052158458369232,8,4,1
subscription,12,1011,-0.16641079192875424,8,6,2
food,74,834,-0.23052158458369232,8,6,1
transportation,81,753,-0.22661238990961072,8,6,1
food,53,616,-0.2177515486483591,8,6,2
food,74,471,-0.22791545480097125,22,5,2
household,43,806,-0.22244258225725702,22,5,1
education,75,1003,-0.21488480588736594,22,5,2
food,25,577,-0.2114968371698286,17,1,2
household,2,140,-0.2214001303441686,17,1,2
food,5,326,-0.22400626012688965,9,1,2
food,5,908,-0.23052158458369232,9,1,2
transportation,81,78,-0.22661238990961072,15,3,1
transportation,4,51,-0.22661238990961072,15,3,1
food,25,132,-0.22817606777924335,15,3,1
transportation,4,368,-0.22921851969233178,9,3,1
subscription,12,637,-0.16641079192875424,0,3,2
food,18,711,-0.1773565370161827,16,4,2
food,79,1011,-0.23182464947505285,16,4,1
food,85,1011,-0.21879400056144754,16,4,2
food,49,236,-0.22270319523552914,16,4,2
food,10,783,-0.22791545480097125,11,4,2
beauty,33,861,-0.2214001303441686,11,4,1
food,53,616,-0.2177515486483591,11,4,2
food,79,1011,-0.23182464947505285,11,4,1
food,79,1011,-0.23312771436641336,14,6,1
food,41,980,-0.2086300944088354,14,6,2
food,49,447,-0.17970205382063165,14,6,2
food,79,1011,-0.23182464947505285,10,6,1
food,79,1011,-0.23182464947505285,19,5,1
beauty,33,811,-0.17005937362456372,14,5,2
food,49,658,-0.1734473423421011,13,5,2
food,79,1011,-0.23312771436641336,13,5,1
subscription,60,589,-0.13539784751437364,20,1,2
food,18,984,-0.2083694814305633,19,1,1
food,10,784,-0.22530932501825018,19,1,2
household,43,864,-0.2214001303441686,20,3,2
food,49,659,-0.17136243851592425,14,3,2
food,18,659,-0.17136243851592425,20,2,2
food,79,1011,-0.23182464947505285,18,2,1
food,49,148,-0.22921851969233178,18,2,2
food,79,1011,-0.23312771436641336,10,2,1
food,10,601,-0.22530932501825018,10,2,2
food,79,1011,-0.23182464947505285,0,5,1
food,49,148,-0.22921851969233178,0,5,2
food,79,1011,-0.23182464947505285,0,5,1
family,65,1011,1.068634112102756,0,5,2
food,49,446,-0.1737079553203732,0,3,2
subscription,77,1011,-0.17448979425518954,0,3,2
food,79,1011,-0.23182464947505285,0,3,1
beauty,33,252,-0.1515558521672442,0,3,2
education,75,338,-0.2083694814305633,0,4,2
education,75,1009,-0.23130342351850863,0,4,2
education,75,55,-0.22817606777924335,0,4,2
food,18,148,-0.22921851969233178,0,4,2
food,74,916,-0.20185415697376066,0,4,1
food,49,388,-0.22270319523552914,0,4,2
food,10,928,-0.2255699379965223,0,4,2
food,41,335,-0.22400626012688965,0,5,1
food,79,1011,-0.23182464947505285,0,5,1
food,18,148,-0.22921851969233178,0,5,2
food,49,294,-0.22270319523552914,0,5,2
food,18,394,-0.18465370040780166,0,2,2
food,10,784,-0.22530932501825018,0,2,2
food,18,190,-0.22661238990961072,0,6,2
food,74,305,-0.20889070738710752,0,6,2
subscription,55,656,-0.15728933768923054,0,6,2
food,10,384,-0.22270319523552914,0,6,2
food,18,157,-0.22791545480097125,0,1,1
food,74,989,-0.22921851969233178,0,1,1
food,79,1011,-0.23182464947505285,0,1,1
food,49,695,-0.14842849642797892,0,1,2
food,18,242,-0.22270319523552914,0,0,2
food,5,908,-0.22921851969233178,0,0,1
food,10,260,-0.2258305509747944,0,0,2
subscription,55,656,-0.15728933768923054,0,6,2
transportation,4,742,-0.23052158458369232,0,3,1
transportation,81,156,-0.21879400056144754,0,3,1
transportation,4,51,-0.22661238990961072,0,3,1
transportation,81,746,-0.23182464947505285,0,3,1
household,44,453,2.0654787539935615,0,3,2
gift,62,367,0.23753932439301,0,3,2
transportation,81,768,0.05224349684154267,0,3,1
subscription,21,1011,0.4692503233747394,0,3,2
health,52,800,-0.22400626012688965,0,3,2
apparel,26,795,0.3965132411389946,0,3,2
food,79,50,-0.22921851969233178,0,3,2
food,53,616,-0.2177515486483591,0,3,2
maid,62,1011,0.02618219901433207,0,4,1
food,18,58,-0.1507740132324279,0,4,2
transportation,4,74,-0.22661238990961072,0,4,1
transportation,81,85,-0.23182464947505285,0,4,1
transportation,4,51,-0.22661238990961072,0,4,1
apparel,15,870,-0.13044620092720363,0,4,2
apparel,15,474,-0.07832360527278243,0,4,2
other,62,941,-0.2083694814305633,0,4,2
food,25,576,-0.22218196927898493,0,4,2
money transfer,62,1011,2.371699003463286,0,4,2
food,41,313,-0.23182464947505285,23,3,2
transportation,4,74,-0.22661238990961072,21,3,1
food,27,165,-0.22791545480097125,21,3,1
food,18,304,-0.17683531105963848,21,3,2
food,74,72,-0.20576335164784224,19,3,1
food,32,317,-0.2300003586271481,8,3,2
food,53,616,-0.2177515486483591,8,3,2
food,41,346,-0.22661238990961072,11,0,2
subscription,59,16,-0.19559944549523012,11,0,2
food,53,616,-0.2177515486483591,9,4,2
gift,62,418,-0.1340947826230131,11,6,2
food,74,61,-0.22817606777924335,10,5,2
transportation,4,774,-0.23182464947505285,9,5,1
transportation,81,79,-0.22921851969233178,9,5,1
transportation,4,51,-0.22661238990961072,9,5,1
food,53,616,-0.2177515486483591,9,5,2
other,62,417,-0.1901265729515159,23,1,2
food,85,550,-0.23052158458369232,23,3,2
food,74,124,-0.22400626012688965,23,3,2
food,5,908,-0.22921851969233178,9,2,2
transportation,81,753,-0.22661238990961072,9,2,2
food,32,613,-0.18100511871199218,7,2,2
health,52,800,-0.22400626012688965,20,0,2
subscription,12,637,-0.16641079192875424,0,0,2
household,43,878,-0.07241290292557108,20,4,2
food,53,616,-0.2177515486483591,14,4,2
food,41,807,-0.22921851969233178,18,5,2
food,53,616,-0.2177515486483591,13,5,2
food,18,934,0.045988785363012125,19,1,2
family,14,473,0.15570684921556874,19,1,2
subscription,77,1011,-0.18439308742952956,16,3,2
family,65,1011,1.068634112102756,20,0,2
food,10,177,-0.20185415697376066,0,1,2
food,5,908,-0.22921851969233178,0,6,2
transportation,81,777,-0.17876384709885207,0,3,2
food,41,314,-0.22270319523552914,0,5,2
food,74,5,-0.21879400056144754,0,2,2
subscription,21,1011,0.4692503233747394,0,2,2
food,74,395,-0.22400626012688965,0,6,1
food,32,482,-0.23182464947505285,0,6,1
food,32,829,-0.2208789043876244,0,6,1
money transfer,62,1011,2.371699003463286,0,6,2
transportation,81,75,-0.21879400056144754,21,0,1
transportation,78,872,-0.22661238990961072,21,0,1
transportation,78,356,-0.22661238990961072,21,0,1
food,49,4,-0.10542735501308144,21,0,1
transportation,4,769,-0.23052158458369232,21,0,1
household,34,555,0.41710166642249097,21,0,1
transportation,4,742,-0.23052158458369232,21,0,1
transportation,4,51,-0.22661238990961072,10,0,1
household,43,1011,-0.17058059958110794,20,4,2
food,5,884,-0.23130342351850863,11,5,1
household,2,974,-0.16667140490702634,21,1,2
food,53,616,-0.21879400056144754,21,1,2
household,43,877,-0.02958897833589861,19,3,2
food,53,612,-0.21879400056144754,13,3,2
food,32,360,-0.22921851969233178,14,2,1
health,52,921,-0.22687300288788284,14,2,2
health,52,528,-0.20576335164784224,14,2,2
transportation,82,764,0.00012090118712147249,14,2,2
health,39,381,-0.195338832516958,13,2,1
food,53,612,-0.21879400056144754,9,2,1
family,65,1011,0.5474081555585439,22,4,2
food,5,143,-0.21879400056144754,22,4,2
other,62,421,0.15622807517211296,13,4,2
transportation,4,74,-0.22921851969233178,23,6,1
transportation,4,1011,-0.2214001303441686,23,6,1
household,28,595,-0.10412429012172092,23,6,1
transportation,4,1006,-0.2258305509747944,23,6,1
transportation,11,99,-0.229739745648876,23,6,1
transportation,81,84,-0.22921851969233178,23,6,1
transportation,4,51,-0.22661238990961072,23,6,1
transportation,82,776,-0.07806299229451032,6,6,2
household,2,110,-0.11715493903532621,11,1,2
subscription,55,630,-0.15728933768923054,13,3,2
food,74,104,-0.21957583949626386,9,2,1
food,32,1011,-0.19273270273423695,9,2,2
food,27,468,-0.15364075599342106,9,2,1
subscription,87,169,0.500497819469565,20,4,2
household,44,385,-0.2214001303441686,6,6,1
household,43,118,-0.20550273866957014,6,6,1
food,41,109,-0.22400626012688965,6,6,1
household,34,39,-0.1562468857761421,20,5,1
food,32,1011,-0.2083694814305633,21,1,1
household,34,997,-0.1301855879489315,21,1,1
beauty,33,475,-0.2083694814305633,21,1,1
household,34,286,0.18254998597759564,14,1,1
transportation,4,74,-0.22661238990961072,0,3,1
food,5,111,-0.22400626012688965,0,3,1
food,49,713,-0.20055109208240013,0,3,1
culture,56,40,-0.11976106881804727,0,3,1
transportation,81,78,-0.22400626012688965,0,3,1
transportation,4,51,-0.22661238990961072,0,3,1
transportation,4,74,-0.22661238990961072,0,0,1
transportation,81,84,-0.22921851969233178,0,0,1
food,74,240,-0.21879400056144754,0,0,1
food,32,27,-0.1823081836033527,0,0,2
transportation,82,89,0.1825447737180302,0,5,2
subscription,55,630,-0.15728933768923054,0,5,2
food,53,616,-0.21827277460490332,0,5,2
food,74,141,-0.21566664482218226,0,5,2
food,5,70,-0.2083694814305633,0,3,1
food,32,107,-0.2083694814305633,0,3,2
food,41,655,-0.195338832516958,0,4,2
food,27,12,-0.18491431338607375,0,1,1
food,32,1011,-0.20706641653920277,0,1,1
food,41,981,-0.22921851969233178,0,1,2
food,53,616,-0.21827277460490332,0,1,2
subscription,21,1011,0.4692503233747394,0,1,2
food,53,616,-0.21827277460490332,0,2,1
food,10,100,-0.22270319523552914,0,2,1
apparel,26,434,-0.23182464947505285,0,6,1
household,80,781,-0.19794496229967906,0,6,1
food,32,1011,0.012890937122454664,0,6,2
transportation,4,751,-0.22661238990961072,0,6,1
food,5,909,-0.22661238990961072,0,6,1
transportation,81,747,-0.22921851969233178,0,6,1
transportation,4,350,-0.22661238990961072,0,6,1
food,41,981,-0.22921851969233178,0,1,1
food,32,615,-0.1958600584735022,0,0,2
household,34,598,-0.2214001303441686,0,5,1
money transfer,62,1011,2.371699003463286,0,5,2
transportation,78,1006,-0.22400626012688965,22,5,1
food,32,828,-0.2122786761046449,22,5,1
transportation,4,742,-0.22661238990961072,22,5,1
transportation,81,96,-0.23182464947505285,22,5,1
transportation,11,234,-0.23130342351850863,22,5,1
food,79,1011,-0.23182464947505285,22,5,1
other,62,423,-0.1301855879489315,22,5,1
food,18,209,0.3965132411389946,22,5,2
transportation,81,106,-0.22921851969233178,22,5,1
food,10,909,-0.22661238990961072,22,5,1
transportation,4,853,-0.22400626012688965,22,5,1
transportation,4,350,-0.22661238990961072,12,5,1
transportation,81,105,-0.2135817409960054,12,5,1
transportation,4,839,-0.21957583949626386,12,5,1
transportation,81,112,-0.22400626012688965,18,1,1
transportation,4,742,-0.22661238990961072,18,1,1
transportation,4,350,-0.22661238990961072,18,1,1
food,49,166,-0.2114968371698286,18,1,2
household,2,146,-0.22009706545280808,9,1,1
food,53,617,-0.21462419290909385,9,1,2
transportation,81,756,-0.22921851969233178,23,3,1
transportation,4,350,-0.22661238990961072,23,3,1
household,43,1011,-0.01395219963957225,10,3,2
household,44,389,-0.14061010707981575,0,3,1
food,74,60,-0.21931522651799176,0,3,2
household,2,402,1.980779536055127,20,2,2
household,2,960,0.18254998597759564,20,2,1
household,44,508,0.005333160752563592,20,2,1
food,18,988,-0.1515558521672442,20,2,2
subscription,77,1011,-0.2083694814305633,20,2,2
food,49,990,-0.17005937362456372,13,2,2
food,32,614,-0.21488480588736594,13,0,1
food,79,145,-0.22661238990961072,13,0,1
food,49,209,-0.2083694814305633,13,0,1
food,41,122,-0.2135817409960054,2,4,1
education,75,893,-0.22661238990961072,22,6,1
transportation,78,764,1.198940601238809,21,6,2
food,74,718,-0.23182464947505285,22,5,1
money transfer,62,939,-0.22843668075751547,8,3,1
food,5,909,-0.22661238990961072,8,3,1
education,75,551,-0.22791545480097125,8,3,1
apparel,15,973,-0.10464551607826512,8,3,2
family,65,1011,-0.10412429012172092,13,2,1
subscription,55,633,-0.15598627279787,11,2,2
gift,62,418,-0.1301855879489315,17,4,2
subscription,55,633,-0.15598627279787,17,1,2
other,62,554,-0.012909747726483825,0,2,2
other,62,0,-0.21488480588736594,0,4,1
food,74,873,-0.23182464947505285,0,4,1
family,65,1011,0.02618219901433207,0,4,1
gift,62,492,0.15622807517211296,0,6,2
food,27,479,-0.22661238990961072,0,0,1
food,27,10,-0.19794496229967906,0,0,1
food,32,992,-0.18361124849471325,0,0,1
food,32,529,-0.20576335164784224,0,0,2
transportation,4,1006,-0.22400626012688965,0,5,1
food,79,1011,-0.23182464947505285,0,5,1
transportation,11,651,-0.14842849642797892,0,5,1
apparel,46,322,-0.22452748608343387,0,3,1
food,5,162,-0.21879400056144754,0,3,2
food,74,833,-0.2206182914093523,0,3,1
food,53,488,-0.22661238990961072,0,3,1
health,52,604,-0.23234587543159704,0,4,1
food,18,702,-0.1269930789650982,0,4,2
food,5,871,-0.23130342351850863,0,4,1
food,10,706,-0.23182464947505285,0,4,1
food,74,307,-0.2214001303441686,0,4,2
subscription,21,1011,0.4692503233747394,0,4,2
food,18,209,0.06788027553786903,0,4,2
subscription,55,633,-0.15598627279787,0,4,2
subscription,55,633,-0.15598627279787,0,1,2
food,53,488,-0.2258305509747944,0,1,2
money transfer,62,1011,2.371699003463286,0,1,2
food,53,488,-0.22530932501825018,9,5,2
food,53,488,-0.22530932501825018,7,1,2
food,74,873,-0.23052158458369232,7,1,1
food,18,136,-0.1692775346897474,20,3,1
food,74,297,-0.21879400056144754,20,3,1
food,74,108,-0.22661238990961072,19,3,1
food,10,264,-0.22530932501825018,19,3,2
food,53,488,-0.22530932501825018,19,3,1
transportation,4,1006,-0.22661238990961072,19,3,1
transportation,11,117,-0.10151816033899985,19,3,1
transportation,4,1006,-0.22661238990961072,19,3,1
subscription,77,1011,-0.18725983019052272,19,1,2
gift,62,244,-0.06529295635917713,11,1,2
family,65,1011,0.286795177286438,19,3,2
food,32,1011,-0.12757945816621044,19,3,1
subscription,55,631,-0.19559944549523012,19,2,2
subscription,55,633,-0.15598627279787,19,0,2
food,74,44,-0.22921851969233178,0,4,1
family,52,919,-0.19664189740831853,0,4,2
transportation,4,457,-0.22400626012688965,16,1,1
household,28,288,0.3910403685952804,11,1,2
other,62,185,-0.2214001303441686,8,1,2
food,32,316,-0.19794496229967906,8,3,1
food,32,445,-0.09369977099083668,8,3,1
food,32,130,-0.22270319523552914,0,6,1
health,52,186,-0.21097561121328437,0,6,2
food,27,11,-0.19273270273423695,0,3,1
food,32,499,-0.2086300944088354,0,0,2
beauty,33,476,-0.2135817409960054,0,0,1
subscription,59,16,-0.19559944549523012,0,5,2
transportation,4,759,-0.2214001303441686,0,5,1
food,74,1007,-0.18882350806015535,0,2,2
transportation,4,349,-0.2214001303441686,0,2,1
transportation,82,758,0.1295152448992221,0,4,2
food,18,987,-0.15781056364577475,0,4,2
food,53,611,-0.22635177693133862,0,4,1
household,2,641,-0.1823081836033527,0,4,1
food,74,155,-0.2219213563007128,0,4,2
household,2,519,-0.2083694814305633,0,1,1
food,53,611,-0.22635177693133862,0,1,1
subscription,55,633,-0.15598627279787,0,1,2
food,32,248,-0.22400626012688965,0,2,1
subscription,21,1011,0.4996951314964868,0,6,2
food,32,444,-0.19794496229967906,0,6,1
food,13,708,-0.2214001303441686,0,6,1
food,79,1010,-0.22921851969233178,0,6,1
food,53,611,-0.22635177693133862,0,6,2
food,49,119,-0.15364075599342106,0,6,1
food,86,1011,-0.21618787077872648,0,6,1
food,49,419,-0.14842849642797892,0,6,1
culture,56,516,-0.1301855879489315,0,6,1
transportation,81,756,-0.22921851969233178,0,6,1
transportation,4,350,-0.22661238990961072,0,6,1
transportation,4,350,-0.21879400056144754,0,6,1
household,44,230,-0.20576335164784224,0,6,1
food,18,23,-0.13383416964474099,0,6,2
food,32,444,-0.10151816033899985,0,3,2
health,52,202,-0.14217378494944838,0,3,2
food,32,35,-0.22400626012688965,0,3,1
household,44,296,-0.2214001303441686,0,3,2
food,18,740,-0.14582236664525788,0,3,2
health,39,381,-0.1562468857761421,0,3,2
money transfer,62,1011,25.826867047952824,0,3,2
food,32,610,-0.21436357993082175,20,2,2
food,18,6,-0.13670091240573415,20,2,2
food,74,18,-0.22791545480097125,19,2,1
gift,62,244,0.051201044928454245,17,2,2
health,52,900,-0.22817606777924335,15,2,2
food,49,985,-0.1901265729515159,15,2,2
subscription,21,399,0.49945536755647646,13,2,1
food,32,392,-0.19273270273423695,9,2,2
transportation,4,723,-0.2083694814305633,21,0,1
other,62,1009,-0.22791545480097125,19,4,1
food,74,48,-0.23182464947505285,19,4,1
food,25,22,-0.23078219756196441,18,4,1
subscription,77,1011,-0.17865960190754324,9,4,2
transportation,81,573,-0.1294037490141152,7,4,2
gift,62,657,0.5982276863216046,7,4,2
food,32,636,-0.23182464947505285,18,6,1
other,62,888,0.2294603220665747,18,6,2
subscription,55,633,-0.15598627279787,14,3,2
gift,62,418,-0.1601560804502237,11,4,2
transportation,81,772,-0.23135554611416306,10,4,2
family,14,914,0.25395794202415267,21,6,2
transportation,81,574,-0.1688084313288576,19,6,2
transportation,82,765,0.26073387945922744,19,6,2
food,74,53,-0.22661238990961072,18,1,1
household,80,847,-0.2216607433224407,18,1,2
food,74,311,-0.22687300288788284,17,1,1
food,27,14,-0.1901265729515159,17,1,1
family,65,1011,0.286795177286438,20,3,2
subscription,55,633,-0.15598627279787,13,2,2
food,85,1011,-0.1823081836033527,21,6,1
other,62,537,-0.22530932501825018,21,5,1
household,80,683,-0.22791545480097125,21,5,1
gift,62,418,-0.14321623686253682,18,5,2
other,62,526,-0.22270319523552914,0,2,1
health,39,381,-0.1823081836033527,0,2,1
health,52,404,-0.16745324384184265,0,2,2
food,41,313,-0.22661238990961072,0,6,1
investment,57,1011,0.02618219901433207,0,6,2
recurring deposit,62,1011,0.02618219901433207,0,6,2
subscription,55,633,-0.15598627279787,0,1,2
food,32,298,-0.22661238990961072,0,0,2
other,62,685,-0.1825687965816248,0,0,2
investment,57,1011,0.02618219901433207,0,5,2
family,52,948,-0.1940357676255975,0,4,1
investment,57,1011,0.02618219901433207,0,4,2
recurring deposit,62,1011,0.02618219901433207,0,4,2
food,85,458,-0.22791545480097125,0,5,1
food,85,532,-0.23182464947505285,0,5,1
food,85,538,-0.23234587543159704,0,5,1
food,85,947,-0.22661238990961072,0,5,1
food,85,677,-0.22791545480097125,0,5,1
food,85,978,-0.2214001303441686,0,5,1
food,85,280,-0.21097561121328437,0,5,1
food,74,129,-0.23052158458369232,0,5,1
food,74,712,-0.22270319523552914,0,5,1
food,27,174,-0.22921851969233178,0,5,1
food,32,328,-0.22009706545280808,0,2,1
food,13,67,-0.22921851969233178,0,2,1
investment,67,1011,10.190088351626464,0,5,2
money transfer,62,1011,2.371699003463286,0,5,2
family,14,558,-0.10412429012172092,20,6,2
subscription,55,633,-0.1690169217114753,11,6,2
subscription,55,628,-0.20889070738710752,6,6,2
family,54,498,-0.21879400056144754,21,5,1
household,2,608,5.108135275320398,18,1,2
other,62,430,-0.23234587543159704,18,1,1
food,41,596,-0.22921851969233178,6,1,1
subscription,55,633,-0.1690169217114753,9,0,2
transportation,4,1006,-0.2214001303441686,9,1,1
health,52,899,-0.23052158458369232,9,1,1
transportation,4,1006,-0.21618787077872648,9,1,1
transportation,4,571,-0.2214001303441686,11,3,1
food,13,787,-0.2339095533012297,12,2,1
food,20,137,0.04885552812400529,12,2,2
transportation,4,1006,-0.2214001303441686,12,2,1
food,86,962,-0.22400626012688965,12,2,1
other,62,841,-0.2083694814305633,12,2,1
transportation,4,666,-0.22400626012688965,12,2,1
transportation,11,779,-0.20993315930019593,12,2,1
transportation,78,860,-0.2083694814305633,11,2,1
food,5,559,-0.22400626012688965,11,2,1
other,62,794,-0.04157717533641548,11,2,1
transportation,71,826,-0.14634359260180207,11,2,1
transportation,78,857,-0.2083694814305633,11,2,1
transportation,4,855,-0.22400626012688965,11,2,1
transportation,11,267,-0.22035767843108017,11,2,1
transportation,4,1006,-0.2135817409960054,11,2,1
food,74,873,-0.23182464947505285,20,4,1
food,32,561,-0.22921851969233178,20,5,1
other,62,431,-0.23182464947505285,20,5,1
food,27,203,-0.18752044316879482,20,5,1
transportation,82,983,0.23467258163201685,20,1,2
transportation,82,531,0.9805469254467841,20,1,2
health,52,644,-0.22009706545280808,0,3,1
food,74,254,-0.23182464947505285,0,3,1
transportation,4,722,-0.22400626012688965,0,5,1
investment,70,812,0.02618219901433207,0,5,2
investment,48,564,2.7068472935212142,0,5,2
investment,57,1011,0.02618219901433207,0,5,2
investment,57,1011,0.02618219901433207,0,5,2
other,62,470,-0.23182464947505285,0,3,1
subscription,59,16,-0.1825687965816248,0,4,2
food,20,509,-0.22270319523552914,0,1,1
transportation,4,725,-0.22661238990961072,0,6,1
investment,70,812,0.02618219901433207,0,6,2
investment,57,1011,0.02618219901433207,0,6,2
festivals,19,424,-0.2214001303441686,0,1,1
food,32,269,-0.17188366447246847,0,0,1
other,62,275,-0.1119426794698841,0,0,2
health,52,600,-0.05200169446729972,0,0,2
grooming,72,352,-0.2135817409960054,0,4,1
festivals,19,424,-0.11715493903532621,0,1,1
food,27,638,-0.2214001303441686,0,1,1
investment,67,1011,2.371699003463286,0,1,2
money transfer,62,1011,2.371699003463286,0,1,2
festivals,19,609,0.28653456430816593,7,1,2
health,52,920,-0.17683531105963848,7,0,2
transportation,4,732,-0.22400626012688965,7,0,1
subscription,55,1011,-0.1690169217114753,13,4,2
family,31,970,0.05724726602436711,13,4,2
food,32,606,-0.22791545480097125,13,4,1
food,27,203,-0.1901265729515159,10,4,1
health,52,1011,-0.07363257166388451,13,6,2
food,74,395,-0.22791545480097125,18,5,1
food,32,786,-0.1510346262107,8,1,1
food,32,540,-0.22530932501825018,20,2,1
food,20,718,-0.22921851969233178,20,2,1
food,32,270,-0.1783989889292711,17,1,1
food,32,1011,-0.12236719860076833,10,2,2
food,32,905,-0.2031572218651212,11,0,2
family,54,842,-0.1695381476680195,14,4,2
food,32,325,-0.195338832516958,0,2,2
food,32,205,-0.2083694814305633,0,1,1
investment,70,1011,0.02618219901433207,0,1,2
investment,57,1011,0.02618219901433207,0,1,2
investment,57,1011,0.02618219901433207,0,1,2
family,54,842,-0.1695381476680195,0,2,2
health,52,1011,-0.22400626012688965,0,2,2
transportation,4,726,-0.2135817409960054,0,2,2
food,32,639,-0.21097561121328437,0,2,2
beauty,33,810,-0.18908412103842745,0,6,2
subscription,59,16,-0.1825687965816248,0,3,2
investment,70,1011,0.02618219901433207,0,5,2
investment,57,1011,0.02618219901433207,0,5,2
festivals,58,982,-0.1823081836033527,0,3,1
investment,67,1011,2.371699003463286,0,3,2
money transfer,62,1011,2.371699003463286,0,3,2
other,62,430,-0.2260911639530665,7,6,1
food,53,1011,-0.2258305509747944,15,1,1
food,32,315,-0.20967254632192384,6,4,1
subscription,55,1011,-0.1690169217114753,13,6,2
family,31,222,-0.1205429077528636,10,6,2
food,74,265,-0.21618787077872648,9,5,1
food,20,820,-0.014212812617844356,9,5,2
food,32,260,-0.22530932501825018,0,0,1
food,53,488,-0.22530932501825018,0,0,1
food,74,981,-0.22921851969233178,0,0,2
food,32,221,-0.21618787077872648,0,6,1
food,53,488,-0.22530932501825018,0,6,2
transportation,4,605,-0.22921851969233178,0,6,1
investment,70,1011,0.02618219901433207,0,3,2
investment,57,1011,0.02618219901433207,0,3,2
food,53,36,-0.21618787077872648,0,0,1
food,5,327,-0.22661238990961072,0,5,2
food,32,260,-0.22921851969233178,0,5,1
subscription,55,1011,-0.1690169217114753,0,5,2
food,22,8,-0.21566664482218226,0,2,1
investment,57,1011,0.02618219901433207,0,2,2
transportation,82,776,-0.07845391176191847,0,4,2
investment,70,1011,0.02618219901433207,0,1,2
investment,57,1011,0.02618219901433207,0,1,2
transportation,82,763,-0.038971045553694426,0,2,2
subscription,55,1011,-0.1690169217114753,0,2,2
investment,67,1011,2.371699003463286,0,2,2
money transfer,62,1011,2.371699003463286,0,2,2
festivals,30,448,-0.14034949410154365,11,1,1
household,44,255,-0.22400626012688965,10,1,1
household,80,567,-0.20889070738710752,10,1,2
festivals,69,804,-0.10412429012172092,7,6,2
family,65,1011,0.286795177286438,17,5,2
festivals,69,804,-0.10412429012172092,13,1,2
other,62,391,-0.2083694814305633,8,3,1
subscription,55,1011,-0.1690169217114753,14,4,2
other,62,719,-0.23312771436641336,16,3,1
grooming,72,475,-0.2083694814305633,16,3,1
investment,48,564,2.7068472935212142,0,5,2
investment,70,1011,0.02618219901433207,0,2,2
investment,57,1011,0.02618219901433207,0,2,2
subscription,55,1011,-0.1690169217114753,0,4,2
investment,57,1011,0.02618219901433207,0,0,2
family,24,733,-0.038971045553694426,0,0,2
investment,70,1011,0.02618219901433207,0,3,2
investment,57,1011,0.02618219901433207,0,3,2
family,54,520,-0.16667140490702634,0,0,2
investment,67,1011,2.371699003463286,0,0,2
money transfer,62,1011,3.674763894823816,0,0,2
other,62,441,-0.1692775346897474,18,3,1
subscription,55,1011,-0.1690169217114753,10,1,2
subscription,55,1011,-0.1690169217114753,16,4,2
subscription,55,632,0.44290235127142946,7,6,2
health,52,319,-0.23182464947505285,10,6,1
investment,70,1011,0.02618219901433207,0,6,2
investment,57,649,0.02618219901433207,0,6,2
investment,57,648,0.02618219901433207,0,4,2
investment,70,1011,0.02618219901433207,0,2,2
investment,57,647,0.02618219901433207,0,2,2
subscription,55,1011,-0.1690169217114753,0,2,2
subscription,55,1011,-0.1690169217114753,0,4,2
family,54,412,0.44290235127142946,0,4,2
investment,67,1011,2.371699003463286,0,4,2
money transfer,62,1011,3.674763894823816,0,4,2
other,62,691,-0.20657125188048578,11,4,2
transportation,82,289,0.5995307512129652,17,1,2
subscription,55,1011,-0.1690169217114753,10,1,2
subscription,1,195,0.02487913412297154,12,4,2
subscription,55,635,-0.14321623686253682,11,6,2
food,74,510,-0.19794496229967906,22,1,2
food,32,469,-0.07806299229451032,18,3,2
family,24,411,0.0014239660784820024,17,3,2
other,62,430,-0.22452748608343387,19,2,1
food,22,1011,-0.212539289082917,0,5,1
subscription,55,1011,-0.1690169217114753,0,5,2
investment,70,1011,0.02618219901433207,0,4,2
investment,57,649,0.02618219901433207,0,4,2
investment,57,648,0.02618219901433207,0,6,2
investment,70,1011,0.02618219901433207,0,0,2
investment,57,647,0.02618219901433207,0,0,2
food,32,246,-0.2167090967352707,0,0,1
investment,67,1011,2.371699003463286,0,6,2
money transfer,62,1011,2.371699003463286,0,6,2
food,86,9,-0.22791545480097125,0,6,1
transportation,4,728,-0.2214001303441686,9,5,2
subscription,55,1011,-0.1690169217114753,12,1,2
food,32,837,-0.1030818382086325,19,3,2
grooming,72,476,-0.2031572218651212,11,3,2
transportation,4,731,-0.22400626012688965,11,3,1
food,32,187,-0.18752044316879482,9,4,2
investment,48,564,2.7068472935212142,21,5,2
other,62,180,-0.2083694814305633,12,5,1
subscription,55,1011,-0.1690169217114753,20,1,2
investment,70,1011,0.02618219901433207,0,6,2
investment,57,649,0.02618219901433207,0,6,2
investment,57,648,0.02618219901433207,0,5,2
subscription,55,1011,-0.1690169217114753,0,3,2
investment,70,1011,0.02618219901433207,0,4,2
investment,57,647,0.02618219901433207,0,4,2
subscription,55,1011,-0.1690169217114753,0,2,2
other,62,430,-0.22791545480097125,0,0,1
investment,67,1011,2.371699003463286,0,5,2
money transfer,62,1011,2.371699003463286,0,5,2
subscription,40,902,-0.15650749875441422,22,4,2
food,32,372,-0.16693201788529846,8,5,2
subscription,42,544,-0.19038718592978798,22,3,2
subscription,55,1011,-0.1690169217114753,10,6,2
household,80,849,-0.2214001303441686,21,2,1
subscription,55,1011,-0.1690169217114753,7,0,2
investment,70,1011,0.02618219901433207,0,3,2
investment,57,649,0.02618219901433207,0,3,2
subscription,55,1011,-0.1690169217114753,0,0,2
food,32,1011,0.09889321995224963,0,0,2
investment,57,648,0.02618219901433207,0,1,2
investment,70,1011,0.02618219901433207,0,6,2
investment,57,647,0.02618219901433207,0,6,2
subscription,63,903,-0.1562468857761421,0,0,2
subscription,55,1011,-0.1690169217114753,0,4,2
food,5,806,-0.22921851969233178,0,4,1
transportation,4,557,-0.2214001303441686,0,4,1
other,62,526,-0.22661238990961072,0,4,1
investment,67,1011,2.371699003463286,0,1,2
money transfer,62,1011,2.371699003463286,0,1,2
other,62,686,-0.2083694814305633,5,5,1
other,62,500,-0.19299331571250905,15,1,2
subscription,42,544,-0.19038718592978798,14,5,2
subscription,55,1011,-0.1690169217114753,4,1,2
food,32,830,-0.22530932501825018,12,3,1
other,62,790,-0.23312771436641336,12,3,1
gift,62,449,-0.2135817409960054,12,6,2
subscription,55,633,-0.1690169217114753,17,5,2
food,32,299,-0.21879400056144754,0,4,1
other,62,1000,-0.1692775346897474,0,4,1
education,73,456,-0.22921851969233178,0,4,1
investment,70,1011,0.02618219901433207,0,1,2
investment,57,649,0.02618219901433207,0,1,2
investment,57,648,0.02618219901433207,0,6,2
subscription,55,633,-0.1690169217114753,0,0,2
investment,70,1011,0.02618219901433207,0,5,2
investment,57,647,0.02618219901433207,0,5,2
investment,67,1011,2.371699003463286,0,6,2
food,74,245,-0.21618787077872648,19,3,2
grooming,72,475,-0.2083694814305633,10,3,1
food,74,3,-0.2083694814305633,10,3,2
other,62,430,-0.23156403649678073,10,3,1
subscription,55,633,-0.1690169217114753,7,2,2
other,62,641,-0.1692775346897474,7,2,1
food,74,3,-0.2214001303441686,7,2,2
money transfer,62,1011,2.371699003463286,20,0,2
subscription,3,211,-0.1825687965816248,6,6,2
food,74,164,-0.22400626012688965,21,1,1
subscription,42,544,-0.19038718592978798,9,1,2
food,32,245,-0.2122786761046449,19,2,1
food,32,261,-0.19142963784287642,21,3,1
transportation,4,1006,-0.22400626012688965,11,2,1
health,35,489,-0.2135817409960054,11,2,2
investment,70,1011,0.02618219901433207,0,3,2
investment,57,649,0.02618219901433207,0,3,2
investment,57,648,0.02618219901433207,0,5,2
subscription,55,633,-0.1690169217114753,0,5,2
food,32,1011,-0.19273270273423695,0,2,1
investment,70,1011,0.02618219901433207,0,1,2
investment,57,647,0.02618219901433207,0,1,2
investment,67,1011,2.371699003463286,0,2,2
money transfer,62,1011,2.371699003463286,11,3,2
subscription,3,211,-0.1825687965816248,19,5,2
subscription,42,544,-0.19038718592978798,9,0,2
apparel,26,876,-0.1823081836033527,0,4,1
investment,70,1011,0.02618219901433207,0,5,2
investment,57,649,0.02618219901433207,0,5,2
household,44,290,-0.23052158458369232,0,2,1
subscription,55,633,-0.1690169217114753,0,4,2
other,62,556,0.28523149941680537,0,1,2
investment,57,648,0.02618219901433207,0,0,2
investment,70,1011,0.02618219901433207,0,3,2
investment,57,647,0.02618219901433207,0,3,2
food,62,273,-0.14321623686253682,0,3,1
transportation,4,467,-0.22661238990961072,0,3,1
food,62,401,-0.22530932501825018,0,0,1
investment,67,1011,2.371699003463286,0,0,2
money transfer,62,1011,2.371699003463286,0,0,2
food,62,197,-0.18439308742952956,0,0,2
food,62,274,-0.09369977099083668,17,4,1
food,62,276,-0.2083694814305633,17,6,1
beauty,51,477,0.286795177286438,17,6,1
other,62,430,-0.22713361586615494,23,2,1
other,62,211,-0.1825687965816248,7,2,2
apparel,26,875,-0.1640652751243053,17,0,2
household,44,390,-0.2214001303441686,17,0,1
other,62,544,-0.19038718592978798,23,1,2
gift,62,845,-0.11324574436124463,9,3,2
food,22,1011,-0.2135817409960054,22,2,1
health,52,490,-0.17709592403791058,21,2,2
health,52,404,-0.173186729363829,14,2,2
transportation,4,1006,-0.2214001303441686,0,2,2
transportation,4,896,-0.2083694814305633,0,4,1
investment,57,1011,0.02618219901433207,0,1,2
recurring deposit,62,1011,0.02618219901433207,0,1,2
other,62,430,-0.22713361586615494,0,6,1
investment,57,816,0.02618219901433207,0,3,2
recurring deposit,62,1011,0.02618219901433207,0,5,2
food,74,272,-0.21097561121328437,0,5,1
other,62,734,-0.1823081836033527,0,5,1
investment,57,511,0.02618219901433207,0,5,2
apparel,26,547,-0.14973156131933946,0,4,1
apparel,26,821,-0.032976947053435984,0,1,2
food,22,1011,-0.212539289082917,0,1,1
money transfer,62,1011,12.796218134347525,0,1,2
public provident fund,62,1011,2.371699003463286,0,1,2
gift,62,939,0.03243691049286261,0,1,2
transportation,4,1011,-0.2214001303441686,9,3,1
transportation,4,1011,-0.22661238990961072,9,3,1
transportation,4,1011,-0.22400626012688965,9,3,1
food,74,395,-0.22791545480097125,16,0,1
other,62,211,-0.1825687965816248,6,4,2
other,62,633,-0.1690169217114753,21,2,2
food,22,8,-0.212539289082917,21,2,1
other,62,432,-0.15364075599342106,21,2,1
food,20,395,-0.22791545480097125,0,0,1
recurring deposit,62,1011,0.02618219901433207,0,3,2
investment,57,2,0.02618219901433207,0,3,2
investment,57,816,0.02618219901433207,0,2,2
other,62,633,-0.1690169217114753,0,2,2
investment,57,511,0.02618219901433207,0,1,2
recurring deposit,62,1011,0.02618219901433207,0,1,2
food,18,31,-0.212539289082917,0,1,1
public provident fund,62,1011,2.371699003463286,0,2,1
transportation,4,730,-0.22400626012688965,0,6,1
money transfer,62,1011,2.371699003463286,0,3,2
transportation,4,571,-0.21618787077872648,0,3,1
food,74,1001,-0.21618787077872648,19,2,1
transportation,4,220,-0.21592725780045438,19,2,1
food,79,1011,-0.23182464947505285,19,2,1
food,74,915,-0.1692775346897474,12,2,1
health,35,409,-0.195338832516958,9,2,1
transportation,4,465,-0.18752044316879482,9,2,1
beauty,33,475,-0.2214001303441686,14,0,1
transportation,4,727,-0.22661238990961072,6,0,1
transportation,11,813,-0.06112314870682343,10,4,2
gift,62,939,0.02618219901433207,21,6,2
transportation,11,762,-0.06242621359818396,21,6,1
other,62,211,-0.1825687965816248,7,5,2
household,44,840,-0.17188366447246847,17,3,1
household,2,782,-0.2083694814305633,18,2,1
transportation,4,585,-0.22921851969233178,14,0,1
other,62,494,-0.22400626012688965,8,0,1
other,62,633,-0.1690169217114753,13,4,2
other,62,946,-0.10412429012172092,18,6,1
apparel,15,232,0.15101581560667082,21,3,2
transportation,78,665,-0.025158557705272807,21,3,2
money transfer,62,1011,0.286795177286438,21,3,1
recurring deposit,62,1011,0.02618219901433207,0,2,2
investment,57,2,0.02618219901433207,0,2,2
investment,57,816,0.02618219901433207,0,0,2
gift,62,543,1.858030823288965,0,0,2
investment,57,511,0.02618219901433207,0,3,2
recurring deposit,62,1011,0.02618219901433207,0,3,2
food,5,327,-0.12497332838348939,0,5,2
public provident fund,62,1011,2.371699003463286,0,2,2
other,62,735,-0.2083694814305633,14,6,1
other,62,634,-0.14321623686253682,10,1,1
health,35,170,-0.2031572218651212,10,1,1
health,35,68,-0.1562468857761421,10,1,1
other,62,211,-0.1825687965816248,10,3,2
other,62,867,-0.22661238990961072,8,2,1
other,62,629,0.3125958621353765,8,1,2
food,49,302,-0.13565846049264574,0,1,2
investment,57,2,0.02618219901433207,0,0,2
recurring deposit,62,1011,0.02618219901433207,0,0,2
investment,57,816,0.02618219901433207,0,4,2
recurring deposit,62,1011,0.02618219901433207,0,2,2
investment,57,511,0.02618219901433207,0,2,2
public provident fund,62,1011,2.371699003463286,0,0,2
money transfer,62,1011,2.371699003463286,11,1,2
other,62,843,-0.15963485449367948,7,1,2
other,62,189,-0.21566664482218226,13,3,2
other,62,211,-0.1825687965816248,9,0,2
household,44,624,0.6774540317163249,9,0,2
other,62,518,0.14345803923677974,9,4,2
recurring deposit,62,1011,0.02618219901433207,0,4,2
investment,57,2,0.02618219901433207,0,4,2
investment,57,816,0.02618219901433207,0,6,2
recurring deposit,62,1011,0.02618219901433207,0,0,2
investment,57,511,0.02618219901433207,0,0,2
maid,62,1011,-0.1476466574931626,0,3,2
money transfer,62,1011,2.371699003463286,0,3,2
public provident fund,62,1011,2.371699003463286,0,3,2
rent,62,1011,0.41710166642249097,0,3,2
other,62,211,-0.1825687965816248,14,6,2
other,62,632,0.44290235127142946,22,3,2
investment,57,2,0.02618219901433207,0,6,2
recurring deposit,62,1011,0.02618219901433207,0,6,2
other,62,391,-0.11480942223087726,0,1,2
investment,57,816,0.02618219901433207,0,5,2
investment,57,511,0.02618219901433207,0,3,2
recurring deposit,62,1011,0.02618219901433207,0,3,2
other,62,889,-0.15311953003687684,0,2,2
maid,62,1011,-0.1476466574931626,0,6,2
rent,62,1011,0.5038857881871023,0,6,2
money transfer,62,1011,2.371699003463286,0,6,2
public provident fund,62,1011,2.371699003463286,0,6,2
other,62,194,-0.1825687965816248,9,1,2
other,62,194,0.025921586036059964,9,5,2
investment,57,2,0.02618219901433207,0,5,2
recurring deposit,62,1011,0.02618219901433207,0,5,2
other,62,923,-0.2214001303441686,0,5,2
investment,57,816,0.02618219901433207,0,4,2
investment,57,511,0.02618219901433207,0,6,2
recurring deposit,62,1011,0.02618219901433207,0,6,2
cook,62,1011,-0.03219510811861967,0,5,2
rent,62,1011,0.42830802448819155,0,5,2
public provident fund,62,1011,2.371699003463286,0,5,2
household,2,398,0.4616664857070211,21,3,2
money transfer,62,1011,2.371699003463286,12,3,2
transportation,78,258,1.329247090374862,17,3,2
other,62,889,-0.07623870144660558,14,2,2
food,27,226,-0.22921851969233178,11,2,1
food,53,621,-0.22765484182269916,11,2,2
food,53,621,-0.22765484182269916,7,0,2
other,62,518,0.14345803923677974,10,4,2
health,35,652,-0.1692775346897474,8,6,1
food,53,621,-0.22765484182269916,8,6,2
food,53,621,-0.22765484182269916,0,2,1
investment,57,2,0.02618219901433207,0,4,2
recurring deposit,62,1011,0.02618219901433207,0,4,2
food,32,682,-0.22921851969233178,0,4,1
food,53,621,-0.22765484182269916,0,4,1
household,80,848,-0.19273270273423695,0,1,1
health,35,491,-0.15885301555886316,0,2,1
food,53,621,-0.2208789043876244,0,2,1
food,32,464,-0.22921851969233178,0,2,1
food,53,621,-0.22765484182269916,0,6,1
investment,57,816,0.02618219901433207,0,3,2
health,52,566,-0.21618787077872648,0,0,1
investment,57,511,0.02618219901433207,0,5,2
recurring deposit,62,1011,0.02618219901433207,0,5,2
food,32,607,-0.2083694814305633,0,5,1
food,53,621,-0.22765484182269916,0,5,1
public provident fund,62,206,4.977828786184346,0,4,2
food,32,1011,0.07257130914676693,0,4,2
cook,62,1011,1.068634112102756,0,4,1
money transfer,62,1011,2.371699003463286,0,4,0
food,53,621,-0.22713361586615494,0,4,1
food,32,357,-0.22921851969233178,0,1,1
food,53,619,-0.22713361586615494,8,5,1
other,62,897,-0.21905461353971964,10,3,1
food,32,397,-0.20576335164784224,10,3,2
food,18,892,-0.20472089973475383,9,3,2
food,32,881,-0.12497332838348939,9,0,2
food,53,619,-0.21983645247453595,13,4,1
other,62,478,-0.18752044316879482,10,2,2
food,32,880,-0.14999217429761155,10,2,2
other,62,340,-0.10412429012172092,12,5,2
investment,57,2,0.02618219901433207,12,1,2
recurring deposit,62,1011,0.02618219901433207,12,1,2
food,32,1011,-0.05226230744557183,0,3,1
food,32,1011,-0.19377515464732536,0,5,1
recurring deposit,62,1011,0.02618219901433207,0,2,2
investment,57,816,0.02618219901433207,0,2,2
investment,57,511,0.02618219901433207,0,4,2
money transfer,62,1011,2.371699003463286,0,1,2
food,32,1011,-0.15963485449367948,0,2,1
food,32,1011,-0.0027458415738716934,0,2,0
other,62,320,-0.1562468857761421,0,2,1
garbage disposal,62,1011,-0.2214001303441686,0,2,1
cook,62,1011,1.068634112102756,0,6,1
food,32,950,-0.2214001303441686,0,3,1
health,52,536,-0.1643258881025774,20,3,1
food,32,1011,-0.195338832516958,20,3,1
water (jar /tanker),62,1011,-0.22921851969233178,14,6,1
food,53,1011,-0.22765484182269916,8,5,1
food,32,1011,-0.12137686928333433,13,1,0
water (jar /tanker),62,814,-0.22921851969233178,13,1,1
apparel,46,386,-0.2083694814305633,21,0,1
health,39,370,0.7298372403490182,19,0,0
household,44,332,-0.2214001303441686,16,4,1
food,74,835,-0.2206182914093523,18,6,1
food,49,362,-0.22791545480097125,13,6,1
food,10,191,-0.22921851969233178,10,6,1
food,53,1011,-0.22765484182269916,9,6,1
other,62,552,-0.11715493903532621,16,5,1
health,39,370,0.02618219901433207,21,1,1
food,79,1011,-0.22921851969233178,16,1,1
apparel,15,192,-0.22661238990961072,18,3,1
food,53,850,-0.2250487120399781,18,3,1
other,62,354,-0.23312771436641336,18,3,1
apparel,46,522,-0.22400626012688965,19,2,1
food,53,1011,-0.22765484182269916,9,2,1
transportation,4,940,-0.23182464947505285,15,0,1
health,39,824,0.26073387945922744,0,4,0
food,79,1011,-0.22661238990961072,0,4,1
recurring deposit,62,1011,0.02618219901433207,0,5,2
food,79,1011,-0.23234587543159704,0,5,1
transportation,81,956,-0.23135554611416306,0,2,2
investment,57,2,0.02618219901433207,0,2,2
transportation,81,954,-0.23135554611416306,0,2,2
transportation,81,741,-0.22921851969233178,0,2,1
transportation,4,350,-0.23182464947505285,0,2,1
transportation,4,227,-0.22921851969233178,0,2,1
other,62,194,-0.20081170506067222,0,4,2
other,62,790,-0.23286710138814126,0,4,1
investment,57,816,0.02618219901433207,0,0,2
recurring deposit,62,1011,0.02618219901433207,0,0,2
transportation,4,219,-0.23182464947505285,0,6,1
food,5,684,-0.22791545480097125,0,6,1
transportation,4,940,-0.23182464947505285,0,6,1
investment,57,511,0.02618219901433207,0,3,2
beauty,33,1011,-0.22400626012688965,0,3,1
food,5,640,-0.22791545480097125,0,0,1
water (jar /tanker),62,1002,-0.20628457760438645,0,5,1
garbage disposal,62,1011,-0.2300003586271481,0,5,1
maid,62,1011,-0.1476466574931626,0,5,1
cook,62,1011,0.20001105552182674,0,5,1
health,52,688,-0.21306051503946122,0,5,1
health,39,823,0.5474081555585439,0,5,1
food,79,1011,-0.22661238990961072,0,5,1
money transfer,62,1011,2.371699003463286,0,5,2
rent,62,1011,0.5038857881871023,0,5,2
health,52,688,-0.17553224616827795,0,5,1
health,39,370,-0.1562468857761421,0,5,1
food,49,279,-0.22791545480097125,0,5,1
transportation,4,940,-0.23182464947505285,0,5,1
food,10,119,-0.22400626012688965,0,5,1
food,27,225,-0.22921851969233178,0,2,1
food,18,209,-0.2135817409960054,0,2,1
food,49,305,-0.2114968371698286,0,2,2
food,79,1011,-0.23286710138814126,0,2,1
food,53,1011,-0.22765484182269916,11,2,1
food,49,309,-0.22009706545280808,17,2,1
food,79,1011,-0.22921851969233178,17,2,1
food,79,1011,-0.23286710138814126,20,4,1
transportation,4,664,-0.21879400056144754,20,4,1
food,32,396,-0.22661238990961072,20,4,1
food,53,1011,-0.22765484182269916,20,4,1
food,32,991,-0.19273270273423695,22,5,1
transportation,4,667,-0.21723032269181491,5,5,1
food,79,1011,-0.23182464947505285,5,5,1
transportation,4,227,-0.22921851969233178,21,1,1
transportation,81,741,-0.22921851969233178,19,1,1
apparel,26,867,-0.22921851969233178,18,1,1
transportation,81,938,-0.09734835268664616,15,1,0
other,62,889,0.8387734652667584,9,1,2
health,35,409,-0.22270319523552914,20,4,1
health,52,546,-0.2255699379965223,20,4,1
food,62,616,-0.21879400056144754,11,4,1
food,62,377,-0.17527163319000585,8,5,1
food,62,533,-0.1695381476680195,11,1,2
transportation,62,568,-0.22661238990961072,10,1,1
household,62,625,-0.1692775346897474,21,3,1
other,62,517,-0.10412429012172092,19,3,1
food,62,698,-0.22921851969233178,19,3,1
transportation,62,569,-0.23052158458369232,19,3,1
transportation,62,926,-0.2255699379965223,19,3,1
food,62,927,-0.22921851969233178,8,3,1
food,62,260,-0.23052158458369232,8,3,1
food,62,293,-0.22895790671405966,9,0,2
food,62,621,-0.22739422884442703,9,0,1
food,62,549,-0.23182464947505285,0,6,1
food,62,927,-0.23130342351850863,0,6,1
food,62,927,-0.23182464947505285,0,6,1
food,62,694,-0.22035767843108017,0,1,1
food,62,262,-0.22765484182269916,0,1,2
food,62,469,-0.21879400056144754,0,0,1
food,62,930,-0.229739745648876,0,0,2
food,62,927,-0.23286710138814126,0,0,1
food,62,692,-0.22530932501825018,0,6,1
food,62,420,-0.195338832516958,0,6,1
transportation,62,955,-0.18856289508188326,0,6,2
food,62,393,-0.21201806312637278,0,3,2
other,62,371,-0.1377433643188226,0,3,2
other,62,517,0.6516533468673864,0,3,2
food,62,929,-0.22661238990961072,0,3,1
food,62,927,-0.23286710138814126,0,4,1
food,62,1002,-0.13670091240573415,0,2,1
food,62,239,-0.22400626012688965,0,2,1
food,62,880,-0.22895790671405966,0,2,1
food,62,469,0.07257130914676693,0,4,0
food,62,927,-0.22661238990961072,0,4,1
food,62,621,-0.22765484182269916,0,4,1
food,62,31,-0.21618787077872648,0,1,1
food,62,927,-0.23182464947505285,0,1,1
food,62,469,-0.20654519058265855,0,1,1
other,62,868,-0.2083694814305633,0,1,1
food,62,292,-0.22739422884442703,0,1,1
other,62,451,-0.2214001303441686,0,1,1
other,62,721,2.371699003463286,0,1,2
food,62,621,-0.22765484182269916,0,1,1
food,62,158,-0.22661238990961072,0,1,1
food,62,621,-0.22765484182269916,0,0,1
household,62,398,-0.03011020429244282,0,0,1
apparel,62,972,-0.16979876064629162,0,0,1
food,62,225,-0.22921851969233178,16,2,1
food,62,243,-0.22400626012688965,16,2,1
transportation,62,215,-0.2083694814305633,23,0,1
food,62,378,0.027224650927420494,23,0,1
food,62,621,-0.22765484182269916,7,4,1
food,62,466,-0.22452748608343387,7,4,1
food,62,831,-0.23052158458369232,7,4,1
food,62,291,-0.23052158458369232,18,5,1
food,62,927,-0.22661238990961072,18,5,1
food,62,621,-0.22765484182269916,19,1,1
food,62,687,-0.22661238990961072,7,1,1
food,62,469,-0.15338014301514893,7,1,0
beauty,62,475,-0.21879400056144754,18,3,1
food,62,927,-0.22661238990961072,16,2,1
food,62,927,-0.22921851969233178,16,4,1
food,62,880,-0.2258305509747944,16,4,1
food,62,469,-0.2031572218651212,18,6,1
household,62,263,-0.21879400056144754,18,6,1
food,62,832,-0.22739422884442703,18,6,1
transportation,62,953,-0.16562895299393793,13,6,1
transportation,62,955,-0.19846618825622328,13,6,0
food,62,619,-0.22713361586615494,9,6,1
food,62,863,-0.2214001303441686,9,6,1
food,62,892,-0.217490935670087,9,5,1
food,62,619,-0.22687300288788284,7,1,1
food,62,991,-0.21879400056144754,7,3,1
food,62,927,-0.23234587543159704,7,3,1
food,62,619,-0.22687300288788284,7,3,1
transportation,62,216,-0.22661238990961072,16,0,1
transportation,62,213,-0.2214001303441686,16,0,1
transportation,62,212,-0.23182464947505285,16,0,1
food,62,808,-0.1940357676255975,22,4,1
transportation,62,214,-0.2083694814305633,18,4,1
food,62,927,-0.23182464947505285,18,4,1
food,62,127,-0.2310428105402365,23,6,1
food,62,575,-0.2031572218651212,15,6,1
transportation,62,958,-0.036364915770973366,12,6,2
other,62,517,-0.10412429012172092,18,5,1
food,62,927,-0.23182464947505285,18,5,1
transportation,62,268,-0.18882350806015535,0,5,1
transportation,62,670,-0.21853338758317545,0,5,1
beauty,62,861,-0.2214001303441686,0,3,1
transportation,62,671,-0.1901265729515159,0,3,1
transportation,62,217,-0.2214001303441686,0,4,1
transportation,62,957,-0.06503234338090502,0,4,2
other,62,451,-0.2214001303441686,0,4,1
food,62,927,-0.22921851969233178,0,4,1
food,62,890,-0.22921851969233178,0,5,1
other,62,707,-0.06503234338090502,0,5,1
food,62,931,-0.22921851969233178,0,2,1
food,62,891,-0.22635177693133862,0,6,1
food,62,890,-0.23052158458369232,0,1,1
food,62,927,-0.23052158458369232,0,1,1
other,62,818,0.5038857881871023,0,0,1
other,62,583,-0.1476466574931626,0,0,1
food,62,377,-0.1992480271910396,0,0,2
other,62,331,0.3519484218544645,0,0,1
food,62,863,-0.22530932501825018,0,6,1
food,62,927,-0.22921851969233178,0,6,1
food,62,819,-0.18882350806015535,0,6,1
other,62,793,2.371699003463286,0,6,2
other,62,343,-0.17631408510309426,0,3,2
food,62,1002,-0.14321623686253682,0,3,1
food,62,620,-0.2216607433224407,0,3,1
food,62,469,-0.21723032269181491,0,3,1
other,62,721,2.371699003463286,0,3,2
food,62,150,-0.22713361586615494,0,3,1
food,62,927,-0.23182464947505285,0,3,1
food,62,233,-0.1301855879489315,0,4,0
transportation,62,859,-0.22921851969233178,0,4,1
transportation,62,858,-0.21879400056144754,0,4,1
culture,62,1,-0.22400626012688965,0,4,1
food,62,932,-0.1823081836033527,0,4,1
transportation,62,825,-0.19742373634313484,0,4,1
transportation,62,856,-0.22921851969233178,0,4,1
transportation,62,854,-0.22921851969233178,0,4,1
transportation,62,266,-0.22661238990961072,0,4,1
food,62,927,-0.23182464947505285,0,4,1
transportation,62,852,-0.23182464947505285,0,4,1
